stable_id,来源分类,原始标签,内部五轴,标准名称,capability_state,是否进入精简V1,是否体型相关,依赖条件,gap_type,缺口去向,evidence_refs,supporting_asset_ids,代表性成品或测试,能力边界,真源路径,source_sha256
CAT-STYLE-VOICE-01,风格/品牌声音基线,语气轴,style,语气轴,verified,否,否,品牌表达基线已确认,,由品牌表达基线维护，不作为逐次可选项,src/infrastructure/workbench_repository.py::confirm_brand_expression；src/tool/llm_gateway/deepseek.py::BoundaryContext,,,,config/content_expression/capability-inventory-v1.jsonl,64e96da77a109e532158a99dd7913d2b74fd1b75b6e75ebe9edfd12bdfd9fa76
CAT-STYLE-VOICE-02,风格/品牌声音基线,能量轴,style,能量轴,composable,否,否,品牌表达基线已确认,,由品牌表达基线维护，不作为逐次可选项,src/infrastructure/workbench_repository.py::confirm_brand_expression,,,,config/content_expression/capability-inventory-v1.jsonl,64e96da77a109e532158a99dd7913d2b74fd1b75b6e75ebe9edfd12bdfd9fa76
CAT-STYLE-VOICE-03,风格/品牌声音基线,密度轴,style,密度轴,composable,否,否,品牌表达基线已确认,,由品牌表达基线维护，不作为逐次可选项,src/infrastructure/workbench_repository.py::confirm_brand_expression,,,,config/content_expression/capability-inventory-v1.jsonl,64e96da77a109e532158a99dd7913d2b74fd1b75b6e75ebe9edfd12bdfd9fa76
CAT-STYLE-VOICE-04,风格/品牌声音基线,幽默开关,style,幽默开关,composable,否,否,,,由品牌边界与本轮透明转译共同决定，不单列为开关控件,src/infrastructure/workbench_repository.py::confirm_brand_expression；src/brain/content_expression.py::resolve_direction,,,,config/content_expression/capability-inventory-v1.jsonl,64e96da77a109e532158a99dd7913d2b74fd1b75b6e75ebe9edfd12bdfd9fa76
CAT-STYLE-VOICE-05,风格/品牌声音基线,用词红线,style,用词红线,verified,否,否,,,属品牌与事实边界治理，不作为用户可选项,src/tool/llm_gateway/deepseek.py::_deterministic_unit_issues；tests/test_display_vertical_slice.py,,tests/test_display_vertical_slice.py,,config/content_expression/capability-inventory-v1.jsonl,64e96da77a109e532158a99dd7913d2b74fd1b75b6e75ebe9edfd12bdfd9fa76
CAT-STYLE-PERSONA-01,风格/表达人设,干货攻略,style,干货攻略,composable,是,否,,,M7-2A 精简 V1,src/tool/llm_gateway/deepseek.py::_CONTRACT_FIELDS；src/tool/llm_gateway/deepseek.py::BoundaryContext,,,,config/content_expression/capability-inventory-v1.jsonl,64e96da77a109e532158a99dd7913d2b74fd1b75b6e75ebe9edfd12bdfd9fa76
CAT-STYLE-PERSONA-02,风格/表达人设,闺蜜聊天,style,闺蜜聊天,composable,是,否,,,M7-2A 精简 V1,src/tool/llm_gateway/deepseek.py::_CONTRACT_FIELDS；src/tool/llm_gateway/deepseek.py::BoundaryContext,,,,config/content_expression/capability-inventory-v1.jsonl,64e96da77a109e532158a99dd7913d2b74fd1b75b6e75ebe9edfd12bdfd9fa76
CAT-STYLE-PERSONA-03,风格/表达人设,高级杂志,style,高级杂志,composable,否,否,,,精简 V1 之外的可组合项；出现真实使用需求后再进入前端,src/tool/llm_gateway/deepseek.py::_CONTRACT_FIELDS,,,,config/content_expression/capability-inventory-v1.jsonl,64e96da77a109e532158a99dd7913d2b74fd1b75b6e75ebe9edfd12bdfd9fa76
CAT-STYLE-PERSONA-04,风格/表达人设,真实记录,style,真实记录,composable,是,否,,,M7-2A 精简 V1,src/tool/llm_gateway/deepseek.py::_CONTRACT_FIELDS；src/tool/llm_gateway/deepseek.py::BoundaryContext,,,,config/content_expression/capability-inventory-v1.jsonl,64e96da77a109e532158a99dd7913d2b74fd1b75b6e75ebe9edfd12bdfd9fa76
CAT-STYLE-PERSONA-05,风格/表达人设,情感共鸣,style,情感共鸣,composable,是,否,,,M7-2A 精简 V1,src/tool/llm_gateway/deepseek.py::_CONTRACT_FIELDS；src/tool/llm_gateway/deepseek.py::BoundaryContext,,,共情；不施压的共情陪伴,config/content_expression/capability-inventory-v1.jsonl,64e96da77a109e532158a99dd7913d2b74fd1b75b6e75ebe9edfd12bdfd9fa76
CAT-STYLE-PERSONA-06,风格/表达人设,幽默玩梗,style,幽默玩梗,composable,是,否,,,M7-2A 精简 V1,src/tool/llm_gateway/deepseek.py::_CONTRACT_FIELDS；src/tool/llm_gateway/deepseek.py::BoundaryContext,,,幽默；克制的冷幽默,config/content_expression/capability-inventory-v1.jsonl,64e96da77a109e532158a99dd7913d2b74fd1b75b6e75ebe9edfd12bdfd9fa76
CAT-STYLE-RHYTHM-01,风格/节奏结构,强钩子,style,强钩子,composable,否,否,,,保留登记，当前不进入前端,src/tool/llm_gateway/deepseek.py::_CONTRACT_FIELDS,,,,config/content_expression/capability-inventory-v1.jsonl,64e96da77a109e532158a99dd7913d2b74fd1b75b6e75ebe9edfd12bdfd9fa76
CAT-STYLE-RHYTHM-02,风格/节奏结构,沉浸慢叙,style,沉浸慢叙,composable,否,否,,,保留登记，当前不进入前端,src/tool/llm_gateway/deepseek.py::_CONTRACT_FIELDS,,,,config/content_expression/capability-inventory-v1.jsonl,64e96da77a109e532158a99dd7913d2b74fd1b75b6e75ebe9edfd12bdfd9fa76
CAT-STYLE-RHYTHM-03,风格/节奏结构,口语短句,style,口语短句,composable,否,否,,,保留登记，当前不进入前端,src/tool/llm_gateway/deepseek.py::_CONTRACT_FIELDS,,,,config/content_expression/capability-inventory-v1.jsonl,64e96da77a109e532158a99dd7913d2b74fd1b75b6e75ebe9edfd12bdfd9fa76
CAT-STYLE-RHYTHM-04,风格/节奏结构,杂志长句,style,杂志长句,composable,否,否,,,保留登记，当前不进入前端,src/tool/llm_gateway/deepseek.py::_CONTRACT_FIELDS,,,,config/content_expression/capability-inventory-v1.jsonl,64e96da77a109e532158a99dd7913d2b74fd1b75b6e75ebe9edfd12bdfd9fa76
CAT-STYLE-RHYTHM-05,风格/节奏结构,句长错落,style,句长错落,composable,否,否,,,保留登记，当前不进入前端,src/tool/llm_gateway/deepseek.py::_CONTRACT_FIELDS,,,只作为自然口语与节奏能力；不得以规避 AI 检测为目标，也不建设检测对抗。,config/content_expression/capability-inventory-v1.jsonl,64e96da77a109e532158a99dd7913d2b74fd1b75b6e75ebe9edfd12bdfd9fa76
CAT-STYLE-FORWARD-01,风格/前瞻表达,反精致,style,反精致,experimental,否,否,,,有界试用；出现真实消费者后再评估是否进入精简 V1,src/tool/llm_gateway/deepseek.py::_CONTRACT_FIELDS,,,,config/content_expression/capability-inventory-v1.jsonl,64e96da77a109e532158a99dd7913d2b74fd1b75b6e75ebe9edfd12bdfd9fa76
CAT-STYLE-FORWARD-02,风格/前瞻表达,活人感,style,活人感,composable,否,否,,,保留登记，当前不进入前端,src/tool/llm_gateway/deepseek.py::_CONTRACT_FIELDS；src/tool/llm_gateway/deepseek.py::BoundaryContext,,,,config/content_expression/capability-inventory-v1.jsonl,64e96da77a109e532158a99dd7913d2b74fd1b75b6e75ebe9edfd12bdfd9fa76
CAT-STYLE-FORWARD-03,风格/前瞻表达,情绪陪伴,style,情绪陪伴,composable,否,否,,,保留登记，当前不进入前端,src/tool/llm_gateway/deepseek.py::_CONTRACT_FIELDS,,,,config/content_expression/capability-inventory-v1.jsonl,64e96da77a109e532158a99dd7913d2b74fd1b75b6e75ebe9edfd12bdfd9fa76
CAT-STYLE-FORWARD-04,风格/前瞻表达,语气指纹,style,语气指纹,experimental,否,否,跨账号语气稳定性方法,generation_method,F10；需要跨账号稳定语气识别能力，第一阶段不建设自动人格学习,docs/架构决策/ADR-027-内容表达空间目录与用户控制边界.md,,docs/架构决策/ADR-027-内容表达空间目录与用户控制边界.md,,config/content_expression/capability-inventory-v1.jsonl,64e96da77a109e532158a99dd7913d2b74fd1b75b6e75ebe9edfd12bdfd9fa76
CAT-TOPIC-TEACH-01,题材/穿搭教学,搭配公式,topic,搭配公式,composable,是,否,,,M7-2A 精简 V1,src/brain/p1_contract.py::assert_content_complete；src/tool/llm_gateway/deepseek.py::_CONTRACT_FIELDS,,,,config/content_expression/capability-inventory-v1.jsonl,64e96da77a109e532158a99dd7913d2b74fd1b75b6e75ebe9edfd12bdfd9fa76
CAT-TOPIC-TEACH-02,题材/穿搭教学,一衣多穿,topic,一衣多穿,composable,是,否,,,M7-2A 精简 V1,src/brain/p1_contract.py::assert_content_complete；src/tool/llm_gateway/deepseek.py::_CONTRACT_FIELDS,,,,config/content_expression/capability-inventory-v1.jsonl,64e96da77a109e532158a99dd7913d2b74fd1b75b6e75ebe9edfd12bdfd9fa76
CAT-TOPIC-TEACH-03,题材/穿搭教学,叠穿法则,topic,叠穿法则,composable,否,否,,,保留登记，当前不进入前端,src/brain/p1_contract.py::assert_content_complete,,,,config/content_expression/capability-inventory-v1.jsonl,64e96da77a109e532158a99dd7913d2b74fd1b75b6e75ebe9edfd12bdfd9fa76
CAT-TOPIC-TEACH-04,题材/穿搭教学,配色技巧,topic,配色技巧,composable,否,否,,,保留登记，当前不进入前端,src/brain/p1_contract.py::assert_content_complete,,,,config/content_expression/capability-inventory-v1.jsonl,64e96da77a109e532158a99dd7913d2b74fd1b75b6e75ebe9edfd12bdfd9fa76
CAT-TOPIC-TEACH-05,题材/穿搭教学,显高显瘦,topic,显高显瘦,composable,是,是,,,M7-2A 精简 V1,src/brain/p1_contract.py::assert_content_complete,,,体型相关；默认隐藏，只有本人主动启用后才出现，不推断体型、不贬损体型、不承诺穿着效果。,config/content_expression/capability-inventory-v1.jsonl,64e96da77a109e532158a99dd7913d2b74fd1b75b6e75ebe9edfd12bdfd9fa76
CAT-TOPIC-TEACH-06,题材/穿搭教学,避坑纠错,topic,避坑纠错,composable,是,否,,,M7-2A 精简 V1,src/brain/p1_contract.py::assert_content_complete；tests/test_p1_vertical_slice.py::test_p1_v1_v2_history_save_and_explicit_reuse,,tests/test_p1_vertical_slice.py::test_p1_v1_v2_history_save_and_explicit_reuse,,config/content_expression/capability-inventory-v1.jsonl,64e96da77a109e532158a99dd7913d2b74fd1b75b6e75ebe9edfd12bdfd9fa76
CAT-TOPIC-TEACH-07,题材/穿搭教学,搜索选题,topic,搜索选题,unsupported,否,否,平台/在地搜索上下文,media_tool,F10：出现带来源、时效与直接消费者的平台/在地上下文后另立能力增强,docs/架构决策/ADR-027-内容表达空间目录与用户控制边界.md,,docs/架构决策/ADR-027-内容表达空间目录与用户控制边界.md,,config/content_expression/capability-inventory-v1.jsonl,64e96da77a109e532158a99dd7913d2b74fd1b75b6e75ebe9edfd12bdfd9fa76
CAT-TOPIC-BODY-01,题材/体型身材,小个子,topic,小个子,composable,是,是,,,M7-2A 精简 V1,src/brain/p1_contract.py::assert_content_complete,,,,config/content_expression/capability-inventory-v1.jsonl,64e96da77a109e532158a99dd7913d2b74fd1b75b6e75ebe9edfd12bdfd9fa76
CAT-TOPIC-BODY-02,题材/体型身材,微胖梨形,topic,微胖梨形,composable,是,是,,,M7-2A 精简 V1,src/brain/p1_contract.py::assert_content_complete,,,,config/content_expression/capability-inventory-v1.jsonl,64e96da77a109e532158a99dd7913d2b74fd1b75b6e75ebe9edfd12bdfd9fa76
CAT-TOPIC-BODY-03,题材/体型身材,苹果型,topic,苹果型,composable,是,是,,,M7-2A 精简 V1,src/brain/p1_contract.py::assert_content_complete,,,,config/content_expression/capability-inventory-v1.jsonl,64e96da77a109e532158a99dd7913d2b74fd1b75b6e75ebe9edfd12bdfd9fa76
CAT-TOPIC-BODY-04,题材/体型身材,大骨架,topic,大骨架,composable,否,是,,,保留登记，当前不进入前端,src/brain/p1_contract.py::assert_content_complete,,,,config/content_expression/capability-inventory-v1.jsonl,64e96da77a109e532158a99dd7913d2b74fd1b75b6e75ebe9edfd12bdfd9fa76
CAT-TOPIC-BODY-05,题材/体型身材,胸型烦恼,topic,胸型烦恼,experimental,否,是,,,保留登记，当前不进入前端,src/brain/p1_contract.py::assert_content_complete,,,涉及具体身体细节；第一版不进入精简目录，只保留登记。,config/content_expression/capability-inventory-v1.jsonl,64e96da77a109e532158a99dd7913d2b74fd1b75b6e75ebe9edfd12bdfd9fa76
CAT-TOPIC-BODY-06,题材/体型身材,肤色适配,topic,肤色适配,composable,否,否,,,保留登记，当前不进入前端,src/brain/p1_contract.py::assert_content_complete,,,肤色不是体型；按原始分组登记，但不标记为体型相关。,config/content_expression/capability-inventory-v1.jsonl,64e96da77a109e532158a99dd7913d2b74fd1b75b6e75ebe9edfd12bdfd9fa76
CAT-TOPIC-OCCASION-01,题材/场合穿搭,通勤上班,topic,通勤上班,verified,是,否,,,M7-2A 精简 V1,src/brain/p1_contract.py::assert_content_complete；system_domain_assets:B-TPO-001；tests/test_p1_vertical_slice.py::test_p1_v1_v2_history_save_and_explicit_reuse,B-TPO-001,tests/test_p1_vertical_slice.py::test_p1_v1_v2_history_save_and_explicit_reuse,,config/content_expression/capability-inventory-v1.jsonl,64e96da77a109e532158a99dd7913d2b74fd1b75b6e75ebe9edfd12bdfd9fa76
CAT-TOPIC-OCCASION-02,题材/场合穿搭,约会家长,topic,约会家长,composable,否,否,,,保留登记，当前不进入前端,src/brain/p1_contract.py::assert_content_complete,,,原始标签含义在研究稿中未定义，按原样登记，不擅自拆分为「约会」与「见家长」。,config/content_expression/capability-inventory-v1.jsonl,64e96da77a109e532158a99dd7913d2b74fd1b75b6e75ebe9edfd12bdfd9fa76
CAT-TOPIC-OCCASION-03,题材/场合穿搭,度假旅行,topic,度假旅行,composable,否,否,,,保留登记，当前不进入前端,src/brain/p1_contract.py::assert_content_complete,,,,config/content_expression/capability-inventory-v1.jsonl,64e96da77a109e532158a99dd7913d2b74fd1b75b6e75ebe9edfd12bdfd9fa76
CAT-TOPIC-OCCASION-04,题材/场合穿搭,婚礼观礼,topic,婚礼观礼,composable,否,否,,,保留登记，当前不进入前端,src/brain/p1_contract.py::assert_content_complete,,,,config/content_expression/capability-inventory-v1.jsonl,64e96da77a109e532158a99dd7913d2b74fd1b75b6e75ebe9edfd12bdfd9fa76
CAT-TOPIC-OCCASION-05,题材/场合穿搭,面试正式,topic,面试正式,composable,否,否,,,保留登记，当前不进入前端,src/brain/p1_contract.py::assert_content_complete,,,,config/content_expression/capability-inventory-v1.jsonl,64e96da77a109e532158a99dd7913d2b74fd1b75b6e75ebe9edfd12bdfd9fa76
CAT-TOPIC-OCCASION-06,题材/场合穿搭,运动户外,topic,运动户外,composable,否,否,,,保留登记，当前不进入前端,src/brain/p1_contract.py::assert_content_complete,,,,config/content_expression/capability-inventory-v1.jsonl,64e96da77a109e532158a99dd7913d2b74fd1b75b6e75ebe9edfd12bdfd9fa76
CAT-TOPIC-OCCASION-07,题材/场合穿搭,日常逛街,topic,日常逛街,composable,否,否,,,保留登记，当前不进入前端,src/brain/p1_contract.py::assert_content_complete,,,,config/content_expression/capability-inventory-v1.jsonl,64e96da77a109e532158a99dd7913d2b74fd1b75b6e75ebe9edfd12bdfd9fa76
CAT-TOPIC-NEWITEM-01,题材/单品上新,新品首发,topic,新品首发,unsupported,否,否,已确认商品与上新事实,product_scope,F10：真实商品及对应上新事实进入直接消费者后另立能力增强,docs/架构决策/ADR-027-内容表达空间目录与用户控制边界.md,,docs/架构决策/ADR-027-内容表达空间目录与用户控制边界.md,,config/content_expression/capability-inventory-v1.jsonl,64e96da77a109e532158a99dd7913d2b74fd1b75b6e75ebe9edfd12bdfd9fa76
CAT-TOPIC-NEWITEM-02,题材/单品上新,单品种草,topic,单品种草,composable,否,否,已确认商品资料,,保留登记，当前不进入前端,src/tool/llm_gateway/deepseek.py::_CONTRACT_FIELDS,,,,config/content_expression/capability-inventory-v1.jsonl,64e96da77a109e532158a99dd7913d2b74fd1b75b6e75ebe9edfd12bdfd9fa76
CAT-TOPIC-NEWITEM-03,题材/单品上新,系列企划,continuity,连续系列,verified,是,否,,,M7-2A 精简 V1,src/infrastructure/workbench_repository.py::list_series；tests/test_m5_3_workbench.py::test_series_is_explicitly_created_inserted_reordered_and_reset,,tests/test_m5_3_workbench.py::test_series_is_explicitly_created_inserted_reordered_and_reset,,config/content_expression/capability-inventory-v1.jsonl,64e96da77a109e532158a99dd7913d2b74fd1b75b6e75ebe9edfd12bdfd9fa76
CAT-TOPIC-NEWITEM-04,题材/单品上新,联名限定,topic,联名限定,unsupported,否,否,联名合作已确认事实,knowledge,F10,docs/架构决策/ADR-027-内容表达空间目录与用户控制边界.md,,docs/架构决策/ADR-027-内容表达空间目录与用户控制边界.md,,config/content_expression/capability-inventory-v1.jsonl,64e96da77a109e532158a99dd7913d2b74fd1b75b6e75ebe9edfd12bdfd9fa76
CAT-TOPIC-NEWITEM-05,题材/单品上新,清单盘点,mechanism,清单盘点,composable,否,否,,,保留登记，当前不进入前端,src/tool/llm_gateway/deepseek.py::_CONTRACT_FIELDS,,,与体裁/教程干货的同名标签分别登记；精简 V1 只展示其中一条，避免同轴重复。,config/content_expression/capability-inventory-v1.jsonl,64e96da77a109e532158a99dd7913d2b74fd1b75b6e75ebe9edfd12bdfd9fa76
CAT-TOPIC-NEWITEM-06,题材/单品上新,平价好物,topic,平价好物,unsupported,否,否,已确认商品价格事实,product_scope,F10：真实商品价格事实与直接消费者成立后另立能力增强,docs/架构决策/ADR-027-内容表达空间目录与用户控制边界.md,,docs/架构决策/ADR-027-内容表达空间目录与用户控制边界.md,,config/content_expression/capability-inventory-v1.jsonl,64e96da77a109e532158a99dd7913d2b74fd1b75b6e75ebe9edfd12bdfd9fa76
CAT-TOPIC-FABRIC-01,题材/面料工艺,面料对比,topic,面料对比,verified,是,否,已确认商品面料事实,,M7-2A 精简 V1,src/tool/llm_gateway/deepseek.py::_CONTRACT_FIELDS；system_domain_assets:A-MAT-005；system_domain_assets:A-TRANSLATE-001,A-MAT-005；A-TRANSLATE-001,,,config/content_expression/capability-inventory-v1.jsonl,64e96da77a109e532158a99dd7913d2b74fd1b75b6e75ebe9edfd12bdfd9fa76
CAT-TOPIC-FABRIC-02,题材/面料工艺,成分辨别,topic,成分辨别,composable,否,否,已确认商品成分事实,,保留登记，当前不进入前端,system_domain_assets:A-TRANSLATE-001,A-TRANSLATE-001,,,config/content_expression/capability-inventory-v1.jsonl,64e96da77a109e532158a99dd7913d2b74fd1b75b6e75ebe9edfd12bdfd9fa76
CAT-TOPIC-FABRIC-03,题材/面料工艺,版型剪裁,topic,版型剪裁,composable,否,否,已确认商品版型事实,,保留登记，当前不进入前端,src/tool/llm_gateway/deepseek.py::_CONTRACT_FIELDS,,,,config/content_expression/capability-inventory-v1.jsonl,64e96da77a109e532158a99dd7913d2b74fd1b75b6e75ebe9edfd12bdfd9fa76
CAT-TOPIC-FABRIC-04,题材/面料工艺,工艺细节,topic,工艺细节,composable,否,否,已确认商品工艺事实,,保留登记，当前不进入前端,src/tool/llm_gateway/deepseek.py::_CONTRACT_FIELDS,,,,config/content_expression/capability-inventory-v1.jsonl,64e96da77a109e532158a99dd7913d2b74fd1b75b6e75ebe9edfd12bdfd9fa76
CAT-TOPIC-FABRIC-05,题材/面料工艺,真假鉴别,topic,真假鉴别,unsupported,否,否,,policy_conflict,F10；涉及对他方商品真伪下判断，超出当前事实与责任边界,docs/架构决策/ADR-027-内容表达空间目录与用户控制边界.md,,docs/架构决策/ADR-027-内容表达空间目录与用户控制边界.md,,config/content_expression/capability-inventory-v1.jsonl,64e96da77a109e532158a99dd7913d2b74fd1b75b6e75ebe9edfd12bdfd9fa76
CAT-TOPIC-FABRIC-06,题材/面料工艺,材质测评,topic,材质测评,unsupported,否,否,可引用的材质测试数据,knowledge,F10,docs/架构决策/ADR-027-内容表达空间目录与用户控制边界.md,,docs/架构决策/ADR-027-内容表达空间目录与用户控制边界.md,,config/content_expression/capability-inventory-v1.jsonl,64e96da77a109e532158a99dd7913d2b74fd1b75b6e75ebe9edfd12bdfd9fa76
CAT-TOPIC-CARE-01,题材/保养洗护,洗涤方法,topic,洗涤方法,composable,否,否,,,保留登记，当前不进入前端,src/tool/llm_gateway/deepseek.py::_CONTRACT_FIELDS,,,,config/content_expression/capability-inventory-v1.jsonl,64e96da77a109e532158a99dd7913d2b74fd1b75b6e75ebe9edfd12bdfd9fa76
CAT-TOPIC-CARE-02,题材/保养洗护,去皱去球,topic,去皱去球,composable,否,否,,,保留登记，当前不进入前端,src/tool/llm_gateway/deepseek.py::_CONTRACT_FIELDS,,,,config/content_expression/capability-inventory-v1.jsonl,64e96da77a109e532158a99dd7913d2b74fd1b75b6e75ebe9edfd12bdfd9fa76
CAT-TOPIC-CARE-03,题材/保养洗护,收纳换季,topic,收纳换季,composable,否,否,,,保留登记，当前不进入前端,src/tool/llm_gateway/deepseek.py::_CONTRACT_FIELDS,,,,config/content_expression/capability-inventory-v1.jsonl,64e96da77a109e532158a99dd7913d2b74fd1b75b6e75ebe9edfd12bdfd9fa76
CAT-TOPIC-CARE-04,题材/保养洗护,旧衣改造,topic,旧衣改造,experimental,否,否,,,有界试用；需要可复核的操作步骤证据,src/tool/llm_gateway/deepseek.py::_CONTRACT_FIELDS,,,,config/content_expression/capability-inventory-v1.jsonl,64e96da77a109e532158a99dd7913d2b74fd1b75b6e75ebe9edfd12bdfd9fa76
CAT-TOPIC-CARE-05,题材/保养洗护,除味除渍,topic,除味除渍,composable,否,否,,,保留登记，当前不进入前端,src/tool/llm_gateway/deepseek.py::_CONTRACT_FIELDS,,,,config/content_expression/capability-inventory-v1.jsonl,64e96da77a109e532158a99dd7913d2b74fd1b75b6e75ebe9edfd12bdfd9fa76
CAT-TOPIC-TREND-01,题材/趋势风格,季度趋势,topic,季度趋势,unsupported,否,否,可引用趋势来源与时效,media_tool,F10：出现带来源、时效与直接消费者的趋势上下文后另立能力增强,docs/架构决策/ADR-015-首期平台媒体成品与跨平台重编译.md,,docs/架构决策/ADR-015-首期平台媒体成品与跨平台重编译.md,,config/content_expression/capability-inventory-v1.jsonl,64e96da77a109e532158a99dd7913d2b74fd1b75b6e75ebe9edfd12bdfd9fa76
CAT-TOPIC-TREND-02,题材/趋势风格,风格流派,topic,风格流派,composable,否,否,,,保留登记，当前不进入前端,src/tool/llm_gateway/deepseek.py::_CONTRACT_FIELDS,,,,config/content_expression/capability-inventory-v1.jsonl,64e96da77a109e532158a99dd7913d2b74fd1b75b6e75ebe9edfd12bdfd9fa76
CAT-TOPIC-TREND-03,题材/趋势风格,流行色,topic,流行色,unsupported,否,否,可引用流行色来源,knowledge,F10,docs/架构决策/ADR-027-内容表达空间目录与用户控制边界.md,,docs/架构决策/ADR-027-内容表达空间目录与用户控制边界.md,,config/content_expression/capability-inventory-v1.jsonl,64e96da77a109e532158a99dd7913d2b74fd1b75b6e75ebe9edfd12bdfd9fa76
CAT-TOPIC-TREND-04,题材/趋势风格,时装周,topic,时装周,unsupported,否,否,可引用秀场事实,knowledge,F10,docs/架构决策/ADR-027-内容表达空间目录与用户控制边界.md,,docs/架构决策/ADR-027-内容表达空间目录与用户控制边界.md,,config/content_expression/capability-inventory-v1.jsonl,64e96da77a109e532158a99dd7913d2b74fd1b75b6e75ebe9edfd12bdfd9fa76
CAT-TOPIC-TREND-05,题材/趋势风格,复古回潮,topic,复古回潮,composable,否,否,,,保留登记，当前不进入前端,src/tool/llm_gateway/deepseek.py::_CONTRACT_FIELDS,,,,config/content_expression/capability-inventory-v1.jsonl,64e96da77a109e532158a99dd7913d2b74fd1b75b6e75ebe9edfd12bdfd9fa76
CAT-TOPIC-TREND-06,题材/趋势风格,潮流预警,topic,潮流预警,unsupported,否,否,趋势信号来源,media_tool,F10；不建设流量预测器或平台黑箱迎合,docs/架构决策/ADR-027-内容表达空间目录与用户控制边界.md,,docs/架构决策/ADR-027-内容表达空间目录与用户控制边界.md,,config/content_expression/capability-inventory-v1.jsonl,64e96da77a109e532158a99dd7913d2b74fd1b75b6e75ebe9edfd12bdfd9fa76
CAT-TOPIC-PEOPLE-01,题材/品牌人物,品牌故事,topic,品牌故事,verified,是,否,,,M7-2A 精简 V1,src/tool/llm_gateway/deepseek.py::_CONTRACT_FIELDS；system_domain_assets:D-PERSONA-001；system_domain_assets:D-PERSONA-002,D-PERSONA-001；D-PERSONA-002,,,config/content_expression/capability-inventory-v1.jsonl,64e96da77a109e532158a99dd7913d2b74fd1b75b6e75ebe9edfd12bdfd9fa76
CAT-TOPIC-PEOPLE-02,题材/品牌人物,主理人 IP,topic,主理人 IP,unsupported,否,否,真实人物本人授权与可用事实,source_gap,F10；不冒充真实人物,docs/架构决策/ADR-027-内容表达空间目录与用户控制边界.md,,docs/架构决策/ADR-027-内容表达空间目录与用户控制边界.md,,config/content_expression/capability-inventory-v1.jsonl,64e96da77a109e532158a99dd7913d2b74fd1b75b6e75ebe9edfd12bdfd9fa76
CAT-TOPIC-PEOPLE-03,题材/品牌人物,店员人设,topic,店员人设,composable,否,否,门店型发布账号与其五段画像,,保留登记，当前不进入前端,src/tool/llm_gateway/deepseek.py::_CONTRACT_FIELDS,,,,config/content_expression/capability-inventory-v1.jsonl,64e96da77a109e532158a99dd7913d2b74fd1b75b6e75ebe9edfd12bdfd9fa76
CAT-TOPIC-PEOPLE-04,题材/品牌人物,幕后制作,topic,幕后制作,unsupported,否,否,真实制作过程事实,source_gap,F10,docs/架构决策/ADR-027-内容表达空间目录与用户控制边界.md,,docs/架构决策/ADR-027-内容表达空间目录与用户控制边界.md,,config/content_expression/capability-inventory-v1.jsonl,64e96da77a109e532158a99dd7913d2b74fd1b75b6e75ebe9edfd12bdfd9fa76
CAT-TOPIC-PEOPLE-05,题材/品牌人物,用户返图,topic,用户返图,unsupported,否,否,顾客授权与真实返图,source_gap,F10；不编造顾客,docs/架构决策/ADR-027-内容表达空间目录与用户控制边界.md,,docs/架构决策/ADR-027-内容表达空间目录与用户控制边界.md,,config/content_expression/capability-inventory-v1.jsonl,64e96da77a109e532158a99dd7913d2b74fd1b75b6e75ebe9edfd12bdfd9fa76
CAT-TOPIC-PEOPLE-06,题材/品牌人物,员工穿搭,topic,员工穿搭,unsupported,否,否,员工本人授权,source_gap,F10,docs/架构决策/ADR-027-内容表达空间目录与用户控制边界.md,,docs/架构决策/ADR-027-内容表达空间目录与用户控制边界.md,,config/content_expression/capability-inventory-v1.jsonl,64e96da77a109e532158a99dd7913d2b74fd1b75b6e75ebe9edfd12bdfd9fa76
CAT-TOPIC-STORE-01,题材/门店本地,门店日常,topic,门店日常,verified,否,否,用户本次提供的真实近场信号,,已实现但不进入精简 V1，避免同轴选项过多,src/tool/llm_gateway/deepseek.py::_CONTRACT_FIELDS；system_domain_assets:C-LOCAL-001；system_domain_assets:C-LOCAL-002,C-LOCAL-001；C-LOCAL-002,,,config/content_expression/capability-inventory-v1.jsonl,64e96da77a109e532158a99dd7913d2b74fd1b75b6e75ebe9edfd12bdfd9fa76
CAT-TOPIC-STORE-02,题材/门店本地,上新到店,topic,上新到店,unsupported,否,否,已确认到店商品事实,product_scope,F10：真实到店商品事实与直接消费者成立后另立能力增强,docs/架构决策/ADR-027-内容表达空间目录与用户控制边界.md,,docs/架构决策/ADR-027-内容表达空间目录与用户控制边界.md,,config/content_expression/capability-inventory-v1.jsonl,64e96da77a109e532158a99dd7913d2b74fd1b75b6e75ebe9edfd12bdfd9fa76
CAT-TOPIC-STORE-03,题材/门店本地,探店打卡,topic,探店打卡,unsupported,否,否,真实到店记录,source_gap,F10,docs/架构决策/ADR-027-内容表达空间目录与用户控制边界.md,,docs/架构决策/ADR-027-内容表达空间目录与用户控制边界.md,,config/content_expression/capability-inventory-v1.jsonl,64e96da77a109e532158a99dd7913d2b74fd1b75b6e75ebe9edfd12bdfd9fa76
CAT-TOPIC-STORE-04,题材/门店本地,活动促销,topic,活动促销,unsupported,否,否,已确认活动与价格事实,product_scope,F10,docs/架构决策/ADR-027-内容表达空间目录与用户控制边界.md,,docs/架构决策/ADR-027-内容表达空间目录与用户控制边界.md,,config/content_expression/capability-inventory-v1.jsonl,64e96da77a109e532158a99dd7913d2b74fd1b75b6e75ebe9edfd12bdfd9fa76
CAT-TOPIC-STORE-05,题材/门店本地,本地联动,topic,本地联动,unsupported,否,否,在地上下文来源,media_tool,F10：出现带来源、时效与直接消费者的在地上下文后另立能力增强,docs/架构决策/ADR-015-首期平台媒体成品与跨平台重编译.md,,docs/架构决策/ADR-015-首期平台媒体成品与跨平台重编译.md,,config/content_expression/capability-inventory-v1.jsonl,64e96da77a109e532158a99dd7913d2b74fd1b75b6e75ebe9edfd12bdfd9fa76
CAT-TOPIC-STORE-06,题材/门店本地,到店核销,topic,到店核销,explicitly_out_of_scope,否,否,,,F06 交易/核销另行立项；这是交易能力边界，不是知识缺口,docs/待落盘推进事项清单.md#F06,,docs/待落盘推进事项清单.md#F06,,config/content_expression/capability-inventory-v1.jsonl,64e96da77a109e532158a99dd7913d2b74fd1b75b6e75ebe9edfd12bdfd9fa76
CAT-GENRE-NOTE-01,体裁/图文笔记,单图干货,form,单图干货,composable,否,否,,,保留登记，当前不进入前端,src/shared/types.py::GraphicProductionBundle,,,,config/content_expression/capability-inventory-v1.jsonl,64e96da77a109e532158a99dd7913d2b74fd1b75b6e75ebe9edfd12bdfd9fa76
CAT-GENRE-NOTE-02,体裁/图文笔记,多图合集,form,多图合集,verified,是,否,,,M7-2A 精简 V1,src/shared/types.py::GraphicProductionBundle；tests/test_m5_2_media_recompile.py::test_four_targets_are_complete_and_server_mapped；docs/架构决策/ADR-015-首期平台媒体成品与跨平台重编译.md,,tests/test_m5_2_media_recompile.py::test_four_targets_are_complete_and_server_mapped；docs/架构决策/ADR-015-首期平台媒体成品与跨平台重编译.md,,config/content_expression/capability-inventory-v1.jsonl,64e96da77a109e532158a99dd7913d2b74fd1b75b6e75ebe9edfd12bdfd9fa76
CAT-GENRE-NOTE-03,体裁/图文笔记,前后对比,form,前后对比,composable,否,否,,,保留登记，当前不进入前端,src/shared/types.py::GraphicProductionBundle,,,,config/content_expression/capability-inventory-v1.jsonl,64e96da77a109e532158a99dd7913d2b74fd1b75b6e75ebe9edfd12bdfd9fa76
CAT-GENRE-NOTE-04,体裁/图文笔记,清单图文,form,清单图文,composable,否,否,,,保留登记，当前不进入前端,src/shared/types.py::GraphicProductionBundle,,,,config/content_expression/capability-inventory-v1.jsonl,64e96da77a109e532158a99dd7913d2b74fd1b75b6e75ebe9edfd12bdfd9fa76
CAT-GENRE-NOTE-05,体裁/图文笔记,长文种草,form,长文种草,composable,否,否,,,保留登记，当前不进入前端,src/shared/types.py::GraphicProductionBundle,,,,config/content_expression/capability-inventory-v1.jsonl,64e96da77a109e532158a99dd7913d2b74fd1b75b6e75ebe9edfd12bdfd9fa76
CAT-GENRE-SPEAK-01,体裁/口播讲解,真人口播,form,真人口播,verified,是,否,,,M7-2A 精简 V1,src/shared/types.py::VideoProductionBundle；tests/test_m5_2_media_recompile.py::test_four_targets_are_complete_and_server_mapped；docs/架构决策/ADR-015-首期平台媒体成品与跨平台重编译.md,,tests/test_m5_2_media_recompile.py::test_four_targets_are_complete_and_server_mapped；docs/架构决策/ADR-015-首期平台媒体成品与跨平台重编译.md,,config/content_expression/capability-inventory-v1.jsonl,64e96da77a109e532158a99dd7913d2b74fd1b75b6e75ebe9edfd12bdfd9fa76
CAT-GENRE-SPEAK-02,体裁/口播讲解,画外音,form,画外音,composable,否,否,,,保留登记，当前不进入前端,src/shared/types.py::VideoProductionBundle,,,,config/content_expression/capability-inventory-v1.jsonl,64e96da77a109e532158a99dd7913d2b74fd1b75b6e75ebe9edfd12bdfd9fa76
CAT-GENRE-SPEAK-03,体裁/口播讲解,干货科普,mechanism,干货科普,composable,否,否,,,保留登记，当前不进入前端,src/tool/llm_gateway/deepseek.py::_CONTRACT_FIELDS,,,,config/content_expression/capability-inventory-v1.jsonl,64e96da77a109e532158a99dd7913d2b74fd1b75b6e75ebe9edfd12bdfd9fa76
CAT-GENRE-SPEAK-04,体裁/口播讲解,快问快答,mechanism,快问快答,composable,否,否,,,保留登记，当前不进入前端,src/tool/llm_gateway/deepseek.py::_CONTRACT_FIELDS,,,,config/content_expression/capability-inventory-v1.jsonl,64e96da77a109e532158a99dd7913d2b74fd1b75b6e75ebe9edfd12bdfd9fa76
CAT-GENRE-SPEAK-05,体裁/口播讲解,AI 分身,form,AI 分身,unsupported,否,否,数字分身与音视频生成能力,media_tool,F07 多模态另行立项,docs/待落盘推进事项清单.md#F07,,docs/待落盘推进事项清单.md#F07,首期没有任何数字分身或音视频生成能力；不得冒充已有媒体能力。,config/content_expression/capability-inventory-v1.jsonl,64e96da77a109e532158a99dd7913d2b74fd1b75b6e75ebe9edfd12bdfd9fa76
CAT-GENRE-SHOW-01,体裁/展示演绎,上身试穿,form,上身试穿,composable,是,否,,,M7-2A 精简 V1,src/shared/types.py::VideoProductionBundle；src/tool/llm_gateway/deepseek.py::_CONTRACT_FIELDS,,,,config/content_expression/capability-inventory-v1.jsonl,64e96da77a109e532158a99dd7913d2b74fd1b75b6e75ebe9edfd12bdfd9fa76
CAT-GENRE-SHOW-02,体裁/展示演绎,卡点变装,form,卡点变装,experimental,否,否,,,有界试用；依赖剪辑节奏，第一版不承诺,src/shared/types.py::VideoProductionBundle,,,,config/content_expression/capability-inventory-v1.jsonl,64e96da77a109e532158a99dd7913d2b74fd1b75b6e75ebe9edfd12bdfd9fa76
CAT-GENRE-SHOW-03,体裁/展示演绎,多搭演示,form,多搭演示,composable,否,否,,,保留登记，当前不进入前端,src/shared/types.py::VideoProductionBundle,,,,config/content_expression/capability-inventory-v1.jsonl,64e96da77a109e532158a99dd7913d2b74fd1b75b6e75ebe9edfd12bdfd9fa76
CAT-GENRE-SHOW-04,体裁/展示演绎,细节特写,form,细节特写,composable,是,否,,,M7-2A 精简 V1,src/shared/types.py::VideoProductionBundle；src/shared/types.py::GraphicProductionBundle,,,,config/content_expression/capability-inventory-v1.jsonl,64e96da77a109e532158a99dd7913d2b74fd1b75b6e75ebe9edfd12bdfd9fa76
CAT-GENRE-SHOW-05,体裁/展示演绎,走秀街拍,form,走秀街拍,unsupported,否,否,场地与出镜人物资源,source_gap,F10,docs/架构决策/ADR-027-内容表达空间目录与用户控制边界.md,,docs/架构决策/ADR-027-内容表达空间目录与用户控制边界.md,,config/content_expression/capability-inventory-v1.jsonl,64e96da77a109e532158a99dd7913d2b74fd1b75b6e75ebe9edfd12bdfd9fa76
CAT-GENRE-TUTORIAL-01,体裁/教程干货,步骤教程,mechanism,步骤教程,composable,是,否,,,M7-2A 精简 V1,src/tool/llm_gateway/deepseek.py::_CONTRACT_FIELDS；src/brain/p1_contract.py::assert_content_complete,,,,config/content_expression/capability-inventory-v1.jsonl,64e96da77a109e532158a99dd7913d2b74fd1b75b6e75ebe9edfd12bdfd9fa76
CAT-GENRE-TUTORIAL-02,体裁/教程干货,公式图解,mechanism,公式图解,composable,是,否,,,M7-2A 精简 V1,src/shared/types.py::GraphicProductionBundle；src/tool/llm_gateway/deepseek.py::_CONTRACT_FIELDS,,,,config/content_expression/capability-inventory-v1.jsonl,64e96da77a109e532158a99dd7913d2b74fd1b75b6e75ebe9edfd12bdfd9fa76
CAT-GENRE-TUTORIAL-03,体裁/教程干货,避坑指南,mechanism,避坑指南,composable,是,否,,,M7-2A 精简 V1,src/tool/llm_gateway/deepseek.py::_CONTRACT_FIELDS；src/brain/p1_contract.py::assert_content_complete,,,,config/content_expression/capability-inventory-v1.jsonl,64e96da77a109e532158a99dd7913d2b74fd1b75b6e75ebe9edfd12bdfd9fa76
CAT-GENRE-TUTORIAL-04,体裁/教程干货,横向测评,mechanism,横向测评,composable,否,否,至少两件已确认商品资料,,保留登记，当前不进入前端,src/tool/llm_gateway/deepseek.py::_CONTRACT_FIELDS,,,,config/content_expression/capability-inventory-v1.jsonl,64e96da77a109e532158a99dd7913d2b74fd1b75b6e75ebe9edfd12bdfd9fa76
CAT-GENRE-TUTORIAL-05,体裁/教程干货,清单盘点,mechanism,清单盘点,composable,是,否,,,M7-2A 精简 V1,src/tool/llm_gateway/deepseek.py::_CONTRACT_FIELDS,,,,config/content_expression/capability-inventory-v1.jsonl,64e96da77a109e532158a99dd7913d2b74fd1b75b6e75ebe9edfd12bdfd9fa76
CAT-GENRE-DRAMA-01,体裁/剧情叙事,情景短剧,mechanism,情景短剧,experimental,否,否,额外出镜人物,,有界试用；当前一人一手机条件下不安排话题人物出镜,src/tool/llm_gateway/deepseek.py::BoundaryContext,,,,config/content_expression/capability-inventory-v1.jsonl,64e96da77a109e532158a99dd7913d2b74fd1b75b6e75ebe9edfd12bdfd9fa76
CAT-GENRE-DRAMA-02,体裁/剧情叙事,双人档,form,双人档,unsupported,否,否,两位可出镜自然人,source_gap,F10,src/tool/llm_gateway/deepseek.py::BoundaryContext,,,,config/content_expression/capability-inventory-v1.jsonl,64e96da77a109e532158a99dd7913d2b74fd1b75b6e75ebe9edfd12bdfd9fa76
CAT-GENRE-DRAMA-03,体裁/剧情叙事,门店情景,mechanism,门店情景,composable,否,否,门店型发布账号与其五段画像,,保留登记，当前不进入前端,src/tool/llm_gateway/deepseek.py::_CONTRACT_FIELDS,,,,config/content_expression/capability-inventory-v1.jsonl,64e96da77a109e532158a99dd7913d2b74fd1b75b6e75ebe9edfd12bdfd9fa76
CAT-GENRE-DRAMA-04,体裁/剧情叙事,故事品牌,mechanism,故事品牌,verified,是,否,,,M7-2A 精简 V1,src/tool/llm_gateway/deepseek.py::_CONTRACT_FIELDS；system_domain_assets:D-PERSONA-001,D-PERSONA-001,,,config/content_expression/capability-inventory-v1.jsonl,64e96da77a109e532158a99dd7913d2b74fd1b75b6e75ebe9edfd12bdfd9fa76
CAT-GENRE-DRAMA-05,体裁/剧情叙事,微短剧,continuity,微短剧,unsupported,否,否,多集剧情与出镜人物资源,source_gap,F10,docs/架构决策/ADR-027-内容表达空间目录与用户控制边界.md,,docs/架构决策/ADR-027-内容表达空间目录与用户控制边界.md,,config/content_expression/capability-inventory-v1.jsonl,64e96da77a109e532158a99dd7913d2b74fd1b75b6e75ebe9edfd12bdfd9fa76
CAT-GENRE-VLOG-01,体裁/记录 Vlog,上新 Vlog,form,上新 Vlog,unsupported,否,否,已确认上新商品事实,product_scope,F10：真实上新商品事实与直接消费者成立后另立能力增强,docs/架构决策/ADR-027-内容表达空间目录与用户控制边界.md,,docs/架构决策/ADR-027-内容表达空间目录与用户控制边界.md,,config/content_expression/capability-inventory-v1.jsonl,64e96da77a109e532158a99dd7913d2b74fd1b75b6e75ebe9edfd12bdfd9fa76
CAT-GENRE-VLOG-02,体裁/记录 Vlog,门店一天,form,门店一天,composable,否,否,门店型发布账号与其五段画像,,保留登记，当前不进入前端,src/shared/types.py::VideoProductionBundle,,,,config/content_expression/capability-inventory-v1.jsonl,64e96da77a109e532158a99dd7913d2b74fd1b75b6e75ebe9edfd12bdfd9fa76
CAT-GENRE-VLOG-03,体裁/记录 Vlog,幕后 Vlog,form,幕后 Vlog,unsupported,否,否,真实制作过程事实,source_gap,F10,docs/架构决策/ADR-027-内容表达空间目录与用户控制边界.md,,docs/架构决策/ADR-027-内容表达空间目录与用户控制边界.md,,config/content_expression/capability-inventory-v1.jsonl,64e96da77a109e532158a99dd7913d2b74fd1b75b6e75ebe9edfd12bdfd9fa76
CAT-GENRE-VLOG-04,体裁/记录 Vlog,穿搭日记,continuity,穿搭日记,composable,否,否,,,保留登记，当前不进入前端,src/infrastructure/workbench_repository.py::list_series；src/shared/types.py::VideoProductionBundle,,,,config/content_expression/capability-inventory-v1.jsonl,64e96da77a109e532158a99dd7913d2b74fd1b75b6e75ebe9edfd12bdfd9fa76
CAT-GENRE-VLOG-05,体裁/记录 Vlog,探店 Vlog,form,探店 Vlog,unsupported,否,否,真实到店记录,source_gap,F10,docs/架构决策/ADR-027-内容表达空间目录与用户控制边界.md,,docs/架构决策/ADR-027-内容表达空间目录与用户控制边界.md,,config/content_expression/capability-inventory-v1.jsonl,64e96da77a109e532158a99dd7913d2b74fd1b75b6e75ebe9edfd12bdfd9fa76
CAT-GENRE-LIVE-01,体裁/直播衍生,直播切片,form,直播切片,unsupported,否,否,直播录制与剪辑能力,media_tool,F10；真实直播需求出现后另行立项,docs/架构决策/ADR-027-内容表达空间目录与用户控制边界.md,,docs/架构决策/ADR-027-内容表达空间目录与用户控制边界.md,,config/content_expression/capability-inventory-v1.jsonl,64e96da77a109e532158a99dd7913d2b74fd1b75b6e75ebe9edfd12bdfd9fa76
CAT-GENRE-LIVE-02,体裁/直播衍生,店播集锦,form,店播集锦,unsupported,否,否,直播录制与剪辑能力,media_tool,F10；真实直播需求出现后另行立项,docs/架构决策/ADR-027-内容表达空间目录与用户控制边界.md,,docs/架构决策/ADR-027-内容表达空间目录与用户控制边界.md,,config/content_expression/capability-inventory-v1.jsonl,64e96da77a109e532158a99dd7913d2b74fd1b75b6e75ebe9edfd12bdfd9fa76
CAT-GENRE-LIVE-03,体裁/直播衍生,直播预告,form,直播预告,composable,否,否,已确认直播安排,,保留登记，当前不进入前端,src/tool/llm_gateway/deepseek.py::_CONTRACT_FIELDS,,,,config/content_expression/capability-inventory-v1.jsonl,64e96da77a109e532158a99dd7913d2b74fd1b75b6e75ebe9edfd12bdfd9fa76
CAT-GENRE-LIVE-04,体裁/直播衍生,答疑回放,form,答疑回放,unsupported,否,否,直播回放素材,media_tool,F10,docs/架构决策/ADR-027-内容表达空间目录与用户控制边界.md,,docs/架构决策/ADR-027-内容表达空间目录与用户控制边界.md,,config/content_expression/capability-inventory-v1.jsonl,64e96da77a109e532158a99dd7913d2b74fd1b75b6e75ebe9edfd12bdfd9fa76
CAT-GENRE-LIVE-05,体裁/直播衍生,上新直播,form,上新直播,unsupported,否,否,已确认上新商品与直播安排,product_scope,F10,docs/架构决策/ADR-027-内容表达空间目录与用户控制边界.md,,docs/架构决策/ADR-027-内容表达空间目录与用户控制边界.md,,config/content_expression/capability-inventory-v1.jsonl,64e96da77a109e532158a99dd7913d2b74fd1b75b6e75ebe9edfd12bdfd9fa76
CAT-GENRE-INTERACT-01,体裁/互动玩法,话题挑战,continuity,话题挑战,unsupported,否,否,平台话题上下文,media_tool,F10：出现带来源、时效与直接消费者的平台话题上下文后另立能力增强,docs/架构决策/ADR-015-首期平台媒体成品与跨平台重编译.md,,docs/架构决策/ADR-015-首期平台媒体成品与跨平台重编译.md,,config/content_expression/capability-inventory-v1.jsonl,64e96da77a109e532158a99dd7913d2b74fd1b75b6e75ebe9edfd12bdfd9fa76
CAT-GENRE-INTERACT-02,体裁/互动玩法,投票测试,continuity,投票测试,unsupported,否,否,平台互动组件,media_tool,F10,docs/架构决策/ADR-027-内容表达空间目录与用户控制边界.md,,docs/架构决策/ADR-027-内容表达空间目录与用户控制边界.md,,config/content_expression/capability-inventory-v1.jsonl,64e96da77a109e532158a99dd7913d2b74fd1b75b6e75ebe9edfd12bdfd9fa76
CAT-GENRE-INTERACT-03,体裁/互动玩法,合拍接力,continuity,合拍接力,unsupported,否,否,平台合拍能力,media_tool,F10,docs/架构决策/ADR-027-内容表达空间目录与用户控制边界.md,,docs/架构决策/ADR-027-内容表达空间目录与用户控制边界.md,,config/content_expression/capability-inventory-v1.jsonl,64e96da77a109e532158a99dd7913d2b74fd1b75b6e75ebe9edfd12bdfd9fa76
CAT-GENRE-INTERACT-04,体裁/互动玩法,评论选款,continuity,评论选款,unsupported,否,否,平台评论回流,media_tool,F08 质量运营；反馈不自动改知识或画像,docs/架构决策/ADR-027-内容表达空间目录与用户控制边界.md,,docs/架构决策/ADR-027-内容表达空间目录与用户控制边界.md,,config/content_expression/capability-inventory-v1.jsonl,64e96da77a109e532158a99dd7913d2b74fd1b75b6e75ebe9edfd12bdfd9fa76
CAT-GENRE-INTERACT-05,体裁/互动玩法,多号接力,continuity,多号接力,unsupported,否,否,跨账号协作编排,generation_method,F03 矩阵共创另行立项,docs/待落盘推进事项清单.md#F03,,docs/待落盘推进事项清单.md#F03,,config/content_expression/capability-inventory-v1.jsonl,64e96da77a109e532158a99dd7913d2b74fd1b75b6e75ebe9edfd12bdfd9fa76
CAT-GENRE-INTERACT-06,体裁/互动玩法,搜索词簇,topic,搜索词簇,unsupported,否,否,平台/在地搜索上下文,media_tool,F10：出现带来源、时效与直接消费者的平台/在地搜索上下文后另立能力增强,docs/架构决策/ADR-015-首期平台媒体成品与跨平台重编译.md,,docs/架构决策/ADR-015-首期平台媒体成品与跨平台重编译.md,,config/content_expression/capability-inventory-v1.jsonl,64e96da77a109e532158a99dd7913d2b74fd1b75b6e75ebe9edfd12bdfd9fa76
CAT-SOURCE-GAP-GENRE-001,体裁/目标位置缺口,（本轮可用原始研究枚举未提供）,form,体裁目标位置缺口 1,unsupported,否,否,研究稿补齐缺失的体裁原始标签,source_gap,F10；补齐原始标签后才登记，不由上网、模型或常识补写,docs/架构决策/ADR-027-内容表达空间目录与用户控制边界.md#决策2；本轮可用原始体裁枚举共 41 条，声明目标 44 条,,docs/架构决策/ADR-027-内容表达空间目录与用户控制边界.md#决策2,只登记目标位置缺口本身，不猜测缺的是哪一条。,config/content_expression/capability-inventory-v1.jsonl,64e96da77a109e532158a99dd7913d2b74fd1b75b6e75ebe9edfd12bdfd9fa76
CAT-SOURCE-GAP-GENRE-002,体裁/目标位置缺口,（本轮可用原始研究枚举未提供）,form,体裁目标位置缺口 2,unsupported,否,否,研究稿补齐缺失的体裁原始标签,source_gap,F10；补齐原始标签后才登记，不由上网、模型或常识补写,docs/架构决策/ADR-027-内容表达空间目录与用户控制边界.md#决策2；本轮可用原始体裁枚举共 41 条，声明目标 44 条,,docs/架构决策/ADR-027-内容表达空间目录与用户控制边界.md#决策2,只登记目标位置缺口本身，不猜测缺的是哪一条。,config/content_expression/capability-inventory-v1.jsonl,64e96da77a109e532158a99dd7913d2b74fd1b75b6e75ebe9edfd12bdfd9fa76
CAT-SOURCE-GAP-GENRE-003,体裁/目标位置缺口,（本轮可用原始研究枚举未提供）,form,体裁目标位置缺口 3,unsupported,否,否,研究稿补齐缺失的体裁原始标签,source_gap,F10；补齐原始标签后才登记，不由上网、模型或常识补写,docs/架构决策/ADR-027-内容表达空间目录与用户控制边界.md#决策2；本轮可用原始体裁枚举共 41 条，声明目标 44 条,,docs/架构决策/ADR-027-内容表达空间目录与用户控制边界.md#决策2,只登记目标位置缺口本身，不猜测缺的是哪一条。,config/content_expression/capability-inventory-v1.jsonl,64e96da77a109e532158a99dd7913d2b74fd1b75b6e75ebe9edfd12bdfd9fa76
