asset_id,名称,asset_type,category,source_batch,candidate_status,runtime_lifecycle,consumer,applicability,runtime_applicability,supported_products,supported_display_contracts,required_inputs,use_when,avoid_when,not_when,gold_fixture_refs,valid_until,superseded_by,能力边界摘要,真源路径,source_sha256
A-CARE-001,具体商品洗护标签优先于通用纤维护理常识,domain_knowledge,A,batch_2_ab,review_candidate,review_candidate,,"{""scope"": ""已知具体商品的护理建议""}",,P1_dressing_decision；P2_product_truth,,,,,,,,,不得因为“羊毛通常怎样洗”“棉通常怎样洗”而覆盖具体成衣的结构、染整、辅料和标签要求。,首批领域数据库知识数据/第六批-G零售经营陈列知识与墙面挂杆闭环包-v0.1/15-双应用全库机器导入候选-v0.2.jsonl,f0aa764a4e78198eb141f39a7ac7af33c3fc5b9d364fa07a58f066f0741eec11
A-CARE-002,洗涤、机械作用、温度和干燥方式会共同影响尺寸与外观,domain_knowledge,A,batch_2_ab,review_candidate,review_candidate,,,,P1_dressing_decision；P2_product_truth,,,解释洗后变化和护理代价,,未查看具体洗护标签；把实验程序直接等同家庭实际结果,,,,不得承诺某种材料“绝不缩水/绝不起球”；不得推荐超出标签的更激进处理。；未查看具体洗护标签；把实验程序直接等同家庭实际结果,首批领域数据库知识数据/第六批-G零售经营陈列知识与墙面挂杆闭环包-v0.1/15-双应用全库机器导入候选-v0.2.jsonl,f0aa764a4e78198eb141f39a7ac7af33c3fc5b9d364fa07a58f066f0741eec11
A-CATEGORY-001,品类名称不能替代具体商品性能,domain_knowledge,A,batch_2_ab,review_candidate,review_candidate,,"{""garment_conditions"": ""已知具体材料、结构、版型、厚度、开合和使用环境"", ""user_goal"": ""从品类名称推断穿着任务或商品表现""}",,P1_dressing_decision；P2_product_truth,,,需要解释某类服装通常承担什么任务，且具备具体商品结构信息时,,只有营销品类名，没有真实商品资料；试图用通用知识替代商品事实,AB-V17,,,不得写成“风衣一定防风”“针织一定有弹”“西装一定正式”“羽绒服一定最暖”。；只有营销品类名，没有真实商品资料；试图用通用知识替代商品事实,首批领域数据库知识数据/第六批-G零售经营陈列知识与墙面挂杆闭环包-v0.1/15-双应用全库机器导入候选-v0.2.jsonl,f0aa764a4e78198eb141f39a7ac7af33c3fc5b9d364fa07a58f066f0741eec11
A-CATEGORY-002,品类适用性由任务、结构与环境共同决定,domain_knowledge,A,batch_2_ab,review_candidate,review_candidate,,"{""scene_conditions"": ""场合、活动、温差、携带和穿脱条件可识别"", ""user_goal"": ""判断某品类是否适合具体生活任务""}",,P1_dressing_decision；P2_product_truth；P4_local_response,,,用户需要把服装品类放入真实穿着路径中判断时,,存在明确着装制度或商品本身不具备所需结构；动态环境信息未知却被假定,AB-V10；AB-V17,,,不得用“职业女性就穿西装”“旅行必须冲锋衣”“亲子场景只能穿耐脏休闲装”等模板代替真实任务。；存在明确着装制度或商品本身不具备所需结构；动态环境信息未知却被假定,首批领域数据库知识数据/第六批-G零售经营陈列知识与墙面挂杆闭环包-v0.1/15-双应用全库机器导入候选-v0.2.jsonl,f0aa764a4e78198eb141f39a7ac7af33c3fc5b9d364fa07a58f066f0741eec11
A-FIT-001,松量是对应部位成衣尺寸与人体尺寸的差，不等于“宽松风格”,domain_knowledge,A,batch_2_ab,review_candidate,review_candidate,,"{""scope"": ""合身、版型与活动关系""}",,P1_dressing_decision；P2_product_truth；P5_visual_styling_story,,,,,,,,,不得把正松量自动等同舒适，把负松量自动等同不合身，也不得把造型宽松当作功能松量充分。,首批领域数据库知识数据/第六批-G零售经营陈列知识与墙面挂杆闭环包-v0.1/15-双应用全库机器导入候选-v0.2.jsonl,f0aa764a4e78198eb141f39a7ac7af33c3fc5b9d364fa07a58f066f0741eec11
A-FIT-002,动作舒适取决于局部松量、结构、弹性和动作类型,domain_knowledge,A,batch_2_ab,review_candidate,review_candidate,,,,P1_dressing_decision；P2_product_truth,,,需要评估抬臂、坐下、弯腰、走动等动作,,只看静态尺寸；局部结构、缝线或材料弹性未知,,,,不得用“宽松所以一定舒服”“含弹所以任何动作都行”替代实际动作判断。；只看静态尺寸；局部结构、缝线或材料弹性未知,首批领域数据库知识数据/第六批-G零售经营陈列知识与墙面挂杆闭环包-v0.1/15-双应用全库机器导入候选-v0.2.jsonl,f0aa764a4e78198eb141f39a7ac7af33c3fc5b9d364fa07a58f066f0741eec11
A-FIT-003,静态合身检查不能替代动作检查,domain_knowledge,A,batch_2_ab,review_candidate,review_candidate,,,,P1_dressing_decision；P2_product_truth,,,穿着任务包含明显动作或长时间姿势时,,纯视觉概念内容、不涉及穿着选择；没有真实商品却声称已验证,,,,不得把一次站立试穿结果扩大为全天舒适或所有动作适合。；纯视觉概念内容、不涉及穿着选择；没有真实商品却声称已验证,首批领域数据库知识数据/第六批-G零售经营陈列知识与墙面挂杆闭环包-v0.1/15-双应用全库机器导入候选-v0.2.jsonl,f0aa764a4e78198eb141f39a7ac7af33c3fc5b9d364fa07a58f066f0741eec11
A-MAT-001,保暖是材料与服装系统共同形成的结果,domain_knowledge,A,batch_2_ab,review_candidate,review_candidate,,"{""garment_conditions"": ""结构、厚度、空气层和多层组合可知"", ""scene_conditions"": ""温度、风、湿度或室内外切换至少有基本判断""}",,P1_dressing_decision；P2_product_truth,,,比较具体服装或面料组合的热感与保暖预期,,高风环境但外层不防风；潮湿压缩后空气层减少；只知道纤维成分而不知道结构,,,,不得写成“羊毛一定保暖”“克重越高一定越暖”；测试热阻也不等于保证个人舒适。；高风环境但外层不防风；潮湿压缩后空气层减少；只知道纤维成分而不知道结构,首批领域数据库知识数据/第六批-G零售经营陈列知识与墙面挂杆闭环包-v0.1/15-双应用全库机器导入候选-v0.2.jsonl,f0aa764a4e78198eb141f39a7ac7af33c3fc5b9d364fa07a58f066f0741eec11
A-MAT-002,吸湿、导湿、干燥、空气渗透和水蒸气传递是不同概念,domain_knowledge,A,batch_2_ab,review_candidate,review_candidate,,"{""scope"": ""日常服装热湿舒适表达""}",,P1_dressing_decision；P2_product_truth,,,,,,,,,不得因纤维吸湿就宣称整件衣服一定排汗、快干或透气。,首批领域数据库知识数据/第六批-G零售经营陈列知识与墙面挂杆闭环包-v0.1/15-双应用全库机器导入候选-v0.2.jsonl,f0aa764a4e78198eb141f39a7ac7af33c3fc5b9d364fa07a58f066f0741eec11
A-MAT-003,空气渗透率主要受孔隙与结构影响，不由纤维名单独决定,domain_knowledge,A,batch_2_ab,review_candidate,review_candidate,,,,P1_dressing_decision；P2_product_truth,,,需要解释闷、透风、防风或空气交换时,,存在膜、涂层、复合结构或未知整理；仅知道“棉/涤纶/羊毛”等纤维名,,,,不得把“棉=透气”“聚酯=不透气”作为商品结论。；存在膜、涂层、复合结构或未知整理；仅知道“棉/涤纶/羊毛”等纤维名,首批领域数据库知识数据/第六批-G零售经营陈列知识与墙面挂杆闭环包-v0.1/15-双应用全库机器导入候选-v0.2.jsonl,f0aa764a4e78198eb141f39a7ac7af33c3fc5b9d364fa07a58f066f0741eec11
A-MAT-004,悬垂由重量、弯曲、剪切、结构和后整理共同决定,domain_knowledge,A,batch_2_ab,review_candidate,review_candidate,,,,P1_dressing_decision；P2_product_truth；P5_visual_styling_story,,,解释垂感、摆动、贴随和轮廓成形,,复合、粘合、厚涂层或高刚度结构；只凭克重判断,,,,不得把“重=垂”“薄=飘”“真丝=一定垂”写成普遍事实。；复合、粘合、厚涂层或高刚度结构；只凭克重判断,首批领域数据库知识数据/第六批-G零售经营陈列知识与墙面挂杆闭环包-v0.1/15-双应用全库机器导入候选-v0.2.jsonl,f0aa764a4e78198eb141f39a7ac7af33c3fc5b9d364fa07a58f066f0741eec11
A-MAT-005,厚度、挺括和硬度不能互相替代,domain_knowledge,A,batch_2_ab,review_candidate,active,content-production / P2,,当前 P2 商品事实边界,P1_dressing_decision；P2_product_truth；P5_visual_styling_story,,,解释挺括、轮廓保持和结构感,,存在不同组织、树脂整理、复合或弹性结构；只有厚度/克重数据,G-P2-DOUBLEFACE,,,不得把“厚=挺”“轻=软”“双面=更硬”直接写入商品认知。；存在不同组织、树脂整理、复合或弹性结构；只有厚度/克重数据,首批领域数据库知识数据/第六批-G零售经营陈列知识与墙面挂杆闭环包-v0.1/15-双应用全库机器导入候选-v0.2.jsonl,f0aa764a4e78198eb141f39a7ac7af33c3fc5b9d364fa07a58f066f0741eec11
A-MAT-006,起皱与回复取决于纤维、结构、整理、含湿和护理,domain_knowledge,A,batch_2_ab,review_candidate,review_candidate,,,,P1_dressing_decision；P2_product_truth,,,解释易皱、打理成本和穿着预期,,未知染整、复合、护理条件或成衣结构；仅凭天然/合成分类,,,,不得写成“真丝都易皱”“聚酯永不皱”“天然纤维一定难打理”。；未知染整、复合、护理条件或成衣结构；仅凭天然/合成分类,首批领域数据库知识数据/第六批-G零售经营陈列知识与墙面挂杆闭环包-v0.1/15-双应用全库机器导入候选-v0.2.jsonl,f0aa764a4e78198eb141f39a7ac7af33c3fc5b9d364fa07a58f066f0741eec11
A-MAT-007,表面光泽会随材质表面、组织、整理、光线和角度变化,domain_knowledge,A,batch_2_ab,review_candidate,review_candidate,,,,P2_product_truth；P5_visual_styling_story,,,解释光泽、低调/醒目和镜头表现,,只有平面商品图或未知光线；将审美词当作客观功能,,,,不得把“哑光=高级”“有光泽=廉价/显胖”写成行业真理。；只有平面商品图或未知光线；将审美词当作客观功能,首批领域数据库知识数据/第六批-G零售经营陈列知识与墙面挂杆闭环包-v0.1/15-双应用全库机器导入候选-v0.2.jsonl,f0aa764a4e78198eb141f39a7ac7af33c3fc5b9d364fa07a58f066f0741eec11
A-MEASURE-001,单位面积质量与厚度是两个不同测量维度,domain_knowledge,A,batch_2_ab,review_candidate,review_candidate,,"{""scope"": ""织物物理参数""}",,P1_dressing_decision；P2_product_truth；P5_visual_styling_story,,,,,,G-P2-DOUBLEFACE,,,不得把“更重”直接写成“更厚、更暖、更挺”，也不得把“更薄”直接写成“更轻”。,首批领域数据库知识数据/第六批-G零售经营陈列知识与墙面挂杆闭环包-v0.1/15-双应用全库机器导入候选-v0.2.jsonl,f0aa764a4e78198eb141f39a7ac7af33c3fc5b9d364fa07a58f066f0741eec11
A-MEASURE-002,空气渗透率、热阻与水蒸气阻力不是同一指标,domain_knowledge,A,batch_2_ab,review_candidate,review_candidate,,"{""scope"": ""服装面料与多层材料的舒适性能描述""}",,P1_dressing_decision；P2_product_truth,,,,,,,,,不得以“透气”概括所有热湿舒适性能；不得用空气渗透率证明保暖或排汗。,首批领域数据库知识数据/第六批-G零售经营陈列知识与墙面挂杆闭环包-v0.1/15-双应用全库机器导入候选-v0.2.jsonl,f0aa764a4e78198eb141f39a7ac7af33c3fc5b9d364fa07a58f066f0741eec11
A-MEASURE-003,人体尺寸与成衣尺寸必须分开,domain_knowledge,A,batch_2_ab,review_candidate,review_candidate,,"{""scope"": ""号型、合身与商品参数解释""}",,P1_dressing_decision；P2_product_truth,,,,,,,,,不得根据成衣胸围直接认定用户胸围，也不得把人体尺寸表当成某件商品尺寸表。,首批领域数据库知识数据/第六批-G零售经营陈列知识与墙面挂杆闭环包-v0.1/15-双应用全库机器导入候选-v0.2.jsonl,f0aa764a4e78198eb141f39a7ac7af33c3fc5b9d364fa07a58f066f0741eec11
A-MEASURE-004,成衣参数必须绑定明确测量点和方法,domain_knowledge,A,batch_2_ab,review_candidate,review_candidate,,"{""scope"": ""成衣尺寸参数""}",,P1_dressing_decision；P2_product_truth,,,,,,,,,不得把不同品牌、不同品类或不同测量方法下的同名参数直接横向比较。,首批领域数据库知识数据/第六批-G零售经营陈列知识与墙面挂杆闭环包-v0.1/15-双应用全库机器导入候选-v0.2.jsonl,f0aa764a4e78198eb141f39a7ac7af33c3fc5b9d364fa07a58f066f0741eec11
A-STRUCT-001,肩线位置和袖窿结构会改变肩部边界、量感与动作关系,domain_knowledge,A,batch_2_ab,review_candidate,review_candidate,,,,P1_dressing_decision；P2_product_truth；P5_visual_styling_story,,,比较正肩、落肩及相关上装结构,,面料极软/极挺、肩宽差异大、袖窿和衣身结构未知,,,,不得把“落肩必显肩窄/必随性”“正肩必显精神”写成固定结论。；面料极软/极挺、肩宽差异大、袖窿和衣身结构未知,首批领域数据库知识数据/第六批-G零售经营陈列知识与墙面挂杆闭环包-v0.1/15-双应用全库机器导入候选-v0.2.jsonl,f0aa764a4e78198eb141f39a7ac7af33c3fc5b9d364fa07a58f066f0741eec11
A-TERM-001,纤维—纱线—面料—成衣是不同对象层级,domain_knowledge,A,batch_2_ab,review_candidate,review_candidate,,"{""scope"": ""服装与一般纺织品的基础术语""}",,P1_dressing_decision；P2_product_truth；P5_visual_styling_story,,,,,,,,,不得仅凭纤维名称推断整件面料或成衣的全部性能；不得把通用术语冒充具体商品已采用的结构。,首批领域数据库知识数据/第六批-G零售经营陈列知识与墙面挂杆闭环包-v0.1/15-双应用全库机器导入候选-v0.2.jsonl,f0aa764a4e78198eb141f39a7ac7af33c3fc5b9d364fa07a58f066f0741eec11
A-TERM-002,机织、针织与非织造是不同成形结构,domain_knowledge,A,batch_2_ab,review_candidate,review_candidate,,"{""scope"": ""服装面料结构分类""}",,P1_dressing_decision；P2_product_truth；P5_visual_styling_story,,,,,,,,,不得把“针织=一定弹”“机织=一定不弹”“非织造=低质量”作为结论。,首批领域数据库知识数据/第六批-G零售经营陈列知识与墙面挂杆闭环包-v0.1/15-双应用全库机器导入候选-v0.2.jsonl,f0aa764a4e78198eb141f39a7ac7af33c3fc5b9d364fa07a58f066f0741eec11
A-TRANSLATE-001,商品特征只能翻译为有条件的可感知影响，不能自动翻译成品牌动机,domain_knowledge,A,batch_2_ab,review_candidate,active,content-production / P2,,当前 P2 商品解释,P1_dressing_decision；P2_product_truth；P5_visual_styling_story,,,从商品资料生成对外解释,,商品特征本身未确认；将通用专业解释冒充品牌原意,G-P2-DESIGN-REASON；G-P2-NO-DESIGN-REASON,,,不得编造设计故事、研发目的、性能验证或“品牌专为某类人做”。；商品特征本身未确认；将通用专业解释冒充品牌原意,首批领域数据库知识数据/第六批-G零售经营陈列知识与墙面挂杆闭环包-v0.1/15-双应用全库机器导入候选-v0.2.jsonl,f0aa764a4e78198eb141f39a7ac7af33c3fc5b9d364fa07a58f066f0741eec11
B-COLOR-001,色相、明度和彩度是不同的颜色知觉属性,domain_knowledge,B,batch_2_ab,review_candidate,review_candidate,,"{""scope"": ""服装色彩描述与组合""}",,P1_dressing_decision；P2_product_truth；P3_brand_life_narrative；P4_local_response；P5_visual_styling_story,,,,,,,,,不得用“低饱和=深色”“高明度=鲜艳”等混合概念；不得把审美评价写成颜色属性。,首批领域数据库知识数据/第六批-G零售经营陈列知识与墙面挂杆闭环包-v0.1/15-双应用全库机器导入候选-v0.2.jsonl,f0aa764a4e78198eb141f39a7ac7af33c3fc5b9d364fa07a58f066f0741eec11
B-COLOR-002,颜色外观会随周围颜色、面积、光照和观察条件变化,domain_knowledge,B,batch_2_ab,review_candidate,review_candidate,,,,P1_dressing_decision；P2_product_truth；P5_visual_styling_story,,,需要判断实物颜色、搭配对比或镜头表现时,,只看未经校准的屏幕图片；背景和光照未知,G-P5-DOUBLEFACE,,,不得以一张图片保证真实色差；不得把环境造成的色偏写成商品本体颜色。；只看未经校准的屏幕图片；背景和光照未知,首批领域数据库知识数据/第六批-G零售经营陈列知识与墙面挂杆闭环包-v0.1/15-双应用全库机器导入候选-v0.2.jsonl,f0aa764a4e78198eb141f39a7ac7af33c3fc5b9d364fa07a58f066f0741eec11
B-COLOR-003,高彩度或高对比色占据更大面积时通常更容易成为视觉重音,domain_knowledge,B,batch_2_ab,review_candidate,review_candidate,,,,P1_dressing_decision；P5_visual_styling_story,,,需要决定主色、点缀色或画面重音时,,纹理/轮廓更强、光线不均、背景同色或受众注意被动作吸引,,,,不得把某种颜色固定为“显瘦/年轻/高级”；不得只靠字幕声明视觉重音。；纹理/轮廓更强、光线不均、背景同色或受众注意被动作吸引,首批领域数据库知识数据/第六批-G零售经营陈列知识与墙面挂杆闭环包-v0.1/15-双应用全库机器导入候选-v0.2.jsonl,f0aa764a4e78198eb141f39a7ac7af33c3fc5b9d364fa07a58f066f0741eec11
B-COLOR-004,近似色或同色关系可减少色相切割，但不保证高级或显瘦,domain_knowledge,B,batch_2_ab,review_candidate,review_candidate,,,,P1_dressing_decision；P5_visual_styling_story,,,需要连贯、安静或低色差组合时,,材质和明度都相近、光线平、轮廓缺少层级,,,,不得写成“同色系天然高级/显瘦”；品牌可能明确偏好强对比。；材质和明度都相近、光线平、轮廓缺少层级,首批领域数据库知识数据/第六批-G零售经营陈列知识与墙面挂杆闭环包-v0.1/15-双应用全库机器导入候选-v0.2.jsonl,f0aa764a4e78198eb141f39a7ac7af33c3fc5b9d364fa07a58f066f0741eec11
B-COMB-001,替代选择应保留核心任务，而不是只换同品类,domain_knowledge,B,batch_2_ab,review_candidate,review_candidate,,,,P1_dressing_decision；P2_product_truth；P5_visual_styling_story,,,需要给出替代、反选或一衣多用建议时,,不存在真实替代空间；用户只要单品判断；库存/商品未知却强造具体替代,G-P1-TRAVEL-ONE-COAT,,,不得为格式完整强制推荐第二件商品；不得把替代变成隐藏卖货清单。；不存在真实替代空间；用户只要单品判断；库存/商品未知却强造具体替代,首批领域数据库知识数据/第六批-G零售经营陈列知识与墙面挂杆闭环包-v0.1/15-双应用全库机器导入候选-v0.2.jsonl,f0aa764a4e78198eb141f39a7ac7af33c3fc5b9d364fa07a58f066f0741eec11
B-COMB-002,一个真实单品足以承载造型关系时，不应强迫增加其他商品,domain_knowledge,B,batch_2_ab,review_candidate,review_candidate,,,,P1_dressing_decision；P5_visual_styling_story,,,单件商品具有可观察结构变化或本身就是造型命题核心时,,主命题确实依赖上下装、鞋包或场景组合；用户要求完整搭配方案,G-P5-DOUBLEFACE,,,不得把本条误解为 P5 只能有一件商品、一个镜头或一种拍法。；主命题确实依赖上下装、鞋包或场景组合；用户要求完整搭配方案,首批领域数据库知识数据/第六批-G零售经营陈列知识与墙面挂杆闭环包-v0.1/15-双应用全库机器导入候选-v0.2.jsonl,f0aa764a4e78198eb141f39a7ac7af33c3fc5b9d364fa07a58f066f0741eec11
B-CREATIVE-001,低色差中的材质对比可作为层次方向,domain_knowledge,B,batch_2_ab,review_candidate,review_candidate,,,,P1_dressing_decision；P5_visual_styling_story,,,颜色关系已足够统一，需要让材质承担层次,品牌强调纯净单一表面；光线无法呈现材质差；纹理过多互相竞争,,,,,这只是创意方向，不得冒充材质功能或品牌固定审美；具体商品必须真实具备相应表面。；品牌强调纯净单一表面；光线无法呈现材质差；纹理过多互相竞争,首批领域数据库知识数据/第六批-G零售经营陈列知识与墙面挂杆闭环包-v0.1/15-双应用全库机器导入候选-v0.2.jsonl,f0aa764a4e78198eb141f39a7ac7af33c3fc5b9d364fa07a58f066f0741eec11
B-CREATIVE-002,围绕一个主视觉重音组织轮廓、纹理或色块,domain_knowledge,B,batch_2_ab,review_candidate,review_candidate,,,,P5_visual_styling_story,,,商品至少有一个真实可见差异，且当前制作条件能够证明,多个视觉差异同等竞争；主重音必须依靠字幕才成立；品牌战略要求完全不同的观看秩序,,G-P5-DOUBLEFACE,,,这不是强制镜头清单；一条命题可以有多商品、多镜头和多种拍法，但都必须服务同一穿着可能。；多个视觉差异同等竞争；主重音必须依靠字幕才成立；品牌战略要求完全不同的观看秩序,首批领域数据库知识数据/第六批-G零售经营陈列知识与墙面挂杆闭环包-v0.1/15-双应用全库机器导入候选-v0.2.jsonl,f0aa764a4e78198eb141f39a7ac7af33c3fc5b9d364fa07a58f066f0741eec11
B-LAYER-001,层搭应先分配功能，再处理视觉关系,domain_knowledge,B,batch_2_ab,review_candidate,review_candidate,,,,P1_dressing_decision；P2_product_truth；P4_local_response；P5_visual_styling_story,,,存在温差、风、活动量或长时间室内外切换时,,各层功能重复、外层压缩保温层、用户不便携带或环境事实未知,,,,不得把“三层法”机械套用所有场景；不得以纤维名替代真实层功能。；各层功能重复、外层压缩保温层、用户不便携带或环境事实未知,首批领域数据库知识数据/第六批-G零售经营陈列知识与墙面挂杆闭环包-v0.1/15-双应用全库机器导入候选-v0.2.jsonl,f0aa764a4e78198eb141f39a7ac7af33c3fc5b9d364fa07a58f066f0741eec11
B-PROP-001,可见分割位置会改变整体比例的观看方式,domain_knowledge,B,batch_2_ab,review_candidate,review_candidate,,,,P1_dressing_decision；P5_visual_styling_story,,,需要调整视觉重心或上下身比例时,,边界低对比、被外套遮挡、动作持续改变落点或整体轮廓更强,G-P1-MEETING-SCHOOL,,,不得把单一腰线位置写成“人人显高”；不得忽略鞋、下装和外套覆盖。；边界低对比、被外套遮挡、动作持续改变落点或整体轮廓更强,首批领域数据库知识数据/第六批-G零售经营陈列知识与墙面挂杆闭环包-v0.1/15-双应用全库机器导入候选-v0.2.jsonl,f0aa764a4e78198eb141f39a7ac7af33c3fc5b9d364fa07a58f066f0741eec11
B-PROP-002,较短上装可能上移视觉重心，但需要上下装共同成立,domain_knowledge,B,batch_2_ab,review_candidate,review_candidate,,,,P1_dressing_decision；P5_visual_styling_story,,,目标是改变上下比例或减少上身拖坠时,,下装腰线过低、上装落点不佳、内搭外露切割复杂或整体量感失衡,G-P1-SHORT-JACKET；G-P5-DOUBLEFACE,,,不得写成“短款人人显高、梨形必选短款”。；下装腰线过低、上装落点不佳、内搭外露切割复杂或整体量感失衡,首批领域数据库知识数据/第六批-G零售经营陈列知识与墙面挂杆闭环包-v0.1/15-双应用全库机器导入候选-v0.2.jsonl,f0aa764a4e78198eb141f39a7ac7af33c3fc5b9d364fa07a58f066f0741eec11
B-PROP-003,高对比下摆落在显著横向区域时，可能强化该处注意,domain_knowledge,B,batch_2_ab,review_candidate,review_candidate,,,,P1_dressing_decision；P5_visual_styling_story,,,判断衣长落点与局部视觉宽度时,,同色低对比、敞开穿形成纵向线、下摆高度随动作变化或外层遮挡,,,,不得简化成“衣摆绝不能到胯/小腿最粗处”；必须结合完整造型。；同色低对比、敞开穿形成纵向线、下摆高度随动作变化或外层遮挡,首批领域数据库知识数据/第六批-G零售经营陈列知识与墙面挂杆闭环包-v0.1/15-双应用全库机器导入候选-v0.2.jsonl,f0aa764a4e78198eb141f39a7ac7af33c3fc5b9d364fa07a58f066f0741eec11
B-PROP-004,纵向连续可以减少色块切割，但不能自动等同显高或显瘦,domain_knowledge,B,batch_2_ab,review_candidate,review_candidate,,,,P1_dressing_decision；P5_visual_styling_story,,,需要减少碎片化分割或建立纵向观看路径时,,轮廓过宽、材质高反光、横向结构更强或背景形成强切割,,,,不得把“竖条纹/同色系一定显高显瘦”写成确定事实。；轮廓过宽、材质高反光、横向结构更强或背景形成强切割,首批领域数据库知识数据/第六批-G零售经营陈列知识与墙面挂杆闭环包-v0.1/15-双应用全库机器导入候选-v0.2.jsonl,f0aa764a4e78198eb141f39a7ac7af33c3fc5b9d364fa07a58f066f0741eec11
B-SIL-001,造型效果取决于量感分布，不只取决于宽松总量,domain_knowledge,B,batch_2_ab,review_candidate,review_candidate,,,,P1_dressing_decision；P2_product_truth；P5_visual_styling_story,,,比较宽松、收束、廓形和局部体积时,,只看尺码标签、平铺胸围或“oversize”营销词,,,,不得把“宽松/修身”作为单一好坏或统一身材答案。；只看尺码标签、平铺胸围或“oversize”营销词,首批领域数据库知识数据/第六批-G零售经营陈列知识与墙面挂杆闭环包-v0.1/15-双应用全库机器导入候选-v0.2.jsonl,f0aa764a4e78198eb141f39a7ac7af33c3fc5b9d364fa07a58f066f0741eec11
B-SIL-002,宽松可以减少贴附，也可能增加整体视觉体积,domain_knowledge,B,batch_2_ab,review_candidate,review_candidate,,,,P1_dressing_decision；P2_product_truth；P5_visual_styling_story,,,用户以“遮、舒服、松弛”为目标时,,面料极垂、轮廓有明确收束、开合形成纵向路径；用户明确偏好大轮廓,G-P1-WIDE-OLD-BELIEF,,,不得承诺“越宽松越遮”“大一号一定更显瘦”。；面料极垂、轮廓有明确收束、开合形成纵向路径；用户明确偏好大轮廓,首批领域数据库知识数据/第六批-G零售经营陈列知识与墙面挂杆闭环包-v0.1/15-双应用全库机器导入候选-v0.2.jsonl,f0aa764a4e78198eb141f39a7ac7af33c3fc5b9d364fa07a58f066f0741eec11
B-SIL-003,肩线与袖量共同决定上身视觉重音,domain_knowledge,B,batch_2_ab,review_candidate,review_candidate,,,,P1_dressing_decision；P2_product_truth；P5_visual_styling_story,,,需要判断上身利落、松弛、力量感或量感时,,面料极软或极挺、身体肩型差异大、袖窿结构未知,,,,不得把“正肩=显瘦”“落肩=显肩窄/休闲”写成固定答案。；面料极软或极挺、身体肩型差异大、袖窿结构未知,首批领域数据库知识数据/第六批-G零售经营陈列知识与墙面挂杆闭环包-v0.1/15-双应用全库机器导入候选-v0.2.jsonl,f0aa764a4e78198eb141f39a7ac7af33c3fc5b9d364fa07a58f066f0741eec11
B-SIL-004,直筒、锥形和外扩轮廓会形成不同的收束与运动路径,domain_knowledge,B,batch_2_ab,review_candidate,review_candidate,,,,P1_dressing_decision；P2_product_truth；P5_visual_styling_story,,,比较裤装或裙装轮廓时,,面料垂坠/挺括差异大、裤长堆积、鞋面遮挡或腰臀不合身,,,,不得把“直筒修饰所有腿型”“阔腿人人显瘦”作为结论。；面料垂坠/挺括差异大、裤长堆积、鞋面遮挡或腰臀不合身,首批领域数据库知识数据/第六批-G零售经营陈列知识与墙面挂杆闭环包-v0.1/15-双应用全库机器导入候选-v0.2.jsonl,f0aa764a4e78198eb141f39a7ac7af33c3fc5b9d364fa07a58f066f0741eec11
B-TEXTURE-001,哑光与光泽表面对高光、褶皱和视觉突出度的影响依赖光线,domain_knowledge,B,batch_2_ab,review_candidate,review_candidate,,,,P1_dressing_decision；P2_product_truth；P5_visual_styling_story,,,需要解释表面质感、镜头呈现和视觉重音时,,光线、角度、后整理或实物表面未知,,,,不得把哑光/光泽与高级、廉价、显胖直接绑定。；光线、角度、后整理或实物表面未知,首批领域数据库知识数据/第六批-G零售经营陈列知识与墙面挂杆闭环包-v0.1/15-双应用全库机器导入候选-v0.2.jsonl,f0aa764a4e78198eb141f39a7ac7af33c3fc5b9d364fa07a58f066f0741eec11
B-TPO-001,正式度是剪裁、材质、整洁度、暴露程度、场景规则和关系共同形成的,domain_knowledge,B,batch_2_ab,review_candidate,active,content-production / P1,,正式场合或关系期待会影响当前穿衣选择时,P1_dressing_decision；P2_product_truth；P3_brand_life_narrative；P4_local_response,,,会议、工作、仪式、社交等场合选择,,明确着装制度已规定；当前场景是创意主题而非真实活动,,,,不得写成“正式场合必须黑色/西装”“针织一定不正式”。；明确着装制度已规定；当前场景是创意主题而非真实活动,首批领域数据库知识数据/第六批-G零售经营陈列知识与墙面挂杆闭环包-v0.1/15-双应用全库机器导入候选-v0.2.jsonl,f0aa764a4e78198eb141f39a7ac7af33c3fc5b9d364fa07a58f066f0741eec11
B-TPO-002,TPO 不只包含着装规范，还包含动作、气候、时间切换与关系距离,domain_knowledge,B,batch_2_ab,review_candidate,review_candidate,,,,P1_dressing_decision；P3_brand_life_narrative；P4_local_response；P5_visual_styling_story,,,用户需要在多个现实任务之间切换时,,用户明确只追求某一个视觉目标；动态事实未知却被假定,,,,不得把目标人群标签替代真实场景；不得把“职业女性/宝妈”当固定答案。；用户明确只追求某一个视觉目标；动态事实未知却被假定,首批领域数据库知识数据/第六批-G零售经营陈列知识与墙面挂杆闭环包-v0.1/15-双应用全库机器导入候选-v0.2.jsonl,f0aa764a4e78198eb141f39a7ac7af33c3fc5b9d364fa07a58f066f0741eec11
B-VIS-001,可见造型命题必须能被具体复述，而不是只剩抽象风格词,domain_knowledge,B,batch_4_be,review_candidate,active,content-production / P5,"{""garment_conditions"": ""至少有一件真实品牌商品及足以承重命题的可见特征"", ""goal"": ""需要形成可由画面承担的穿着想象或造型认知""}",当前 P5 可见造型命题,P5_visual_styling_story；P1_dressing_decision；P3_brand_life_narrative；P4_local_response,,,系统需要判断当前视觉方向是否已经从审美形容词收敛为可拍、可看、可复述的造型关系,,任务主要价值是商品解释、人格观点或本地回应，视觉只作辅助；或尚无法建立真实品牌商品身份,BE-V01；BE-V08,,,不得把抽象情绪词、品牌口号、流行滤镜或普通站姿包装成 P5 命题；不得要求所有视觉内容都采用同一种二元对比结构。；任务主要价值是商品解释、人格观点或本地回应，视觉只作辅助；或尚无法建立真实品牌商品身份,首批领域数据库知识数据/第六批-G零售经营陈列知识与墙面挂杆闭环包-v0.1/15-双应用全库机器导入候选-v0.2.jsonl,f0aa764a4e78198eb141f39a7ac7af33c3fc5b9d364fa07a58f066f0741eec11
B-VIS-002,商品数量由造型命题的必要关系决定，不由“搭配完整度”决定,domain_knowledge,B,batch_4_be,review_candidate,review_candidate,,"{""garment_conditions"": ""已知商品之间或商品与身体/场景之间的可见关系"", ""goal"": ""决定 P5 或其他内容中的商品组合范围""}",,P5_visual_styling_story；P1_dressing_decision；P2_product_truth,,,系统需要确定单件、两件或多件商品是否都是当前命题成立所必需,,任务本身明确需要比较、层搭、组合替代或多商品关系,BE-V09,,,不得把“单件足够”写成 P5 固定规则；也不得把每份 P5 做成三套穿法或搭配清单。；任务本身明确需要比较、层搭、组合替代或多商品关系,首批领域数据库知识数据/第六批-G零售经营陈列知识与墙面挂杆闭环包-v0.1/15-双应用全库机器导入候选-v0.2.jsonl,f0aa764a4e78198eb141f39a7ac7af33c3fc5b9d364fa07a58f066f0741eec11
B-VIS-003,造型命题需要由商品与身体、动作、其他单品或环境中的至少一项关系承重,domain_knowledge,B,batch_4_be,review_candidate,active,content-production / P5,"{""garment_conditions"": ""真实商品至少有一项可观察视觉特征"", ""goal"": ""让视觉不退化为普通商品展示"", ""scene_conditions"": ""存在可用人物、动作、组合或环境中的任一项""}",当前 P5 真实商品画面关系,P5_visual_styling_story；P1_dressing_decision；P2_product_truth；P3_brand_life_narrative；P4_local_response,,,商品本身已经出现，但系统仍需判断画面是否创造了新的穿着想象,,P2 只需展示结构细节来解释商品，或任务明确是商品目录/资料整理而非品牌内容,BE-V01；BE-V10,,,不得把任意环境、道具或动作都视为有效关系；它们必须实质改变视觉主线，不能只是装饰。；P2 只需展示结构细节来解释商品，或任务明确是商品目录/资料整理而非品牌内容,首批领域数据库知识数据/第六批-G零售经营陈列知识与墙面挂杆闭环包-v0.1/15-双应用全库机器导入候选-v0.2.jsonl,f0aa764a4e78198eb141f39a7ac7af33c3fc5b9d364fa07a58f066f0741eec11
B-VIS-004,比较或变化型画面应尽量明确一个主要变量，并保留足够不变量,domain_knowledge,B,batch_4_be,review_candidate,review_candidate,,"{""goal"": ""让受众识别一个可见变化而非被多个同时变化的因素干扰"", ""scene_conditions"": ""命题采用比较、切换或前后变化结构""}",,P5_visual_styling_story；P1_dressing_decision；P2_product_truth,,,当前视觉价值依赖“哪里变了”或“为什么看起来不同”,,命题由单一完整画面直接成立，或多场景本身就是受众要看见的穿着进入方式,BE-V03；BE-V11,,,不得把动作对位、硬切或前后对比固化为所有 P5 的固定模板；不得用不同角度、滤镜和姿势伪造商品效果。；命题由单一完整画面直接成立，或多场景本身就是受众要看见的穿着进入方式,首批领域数据库知识数据/第六批-G零售经营陈列知识与墙面挂杆闭环包-v0.1/15-双应用全库机器导入候选-v0.2.jsonl,f0aa764a4e78198eb141f39a7ac7af33c3fc5b9d364fa07a58f066f0741eec11
B-VIS-005,品牌审美应实质改变视觉重音、空间、动作或节奏，而不是只加标识,domain_knowledge,B,batch_4_be,review_candidate,active,content-production / P5,,当前 P5 动作与构图,P5_visual_styling_story；P3_brand_life_narrative；P4_local_response,,,,,,BE-V04；BE-V12,,,品牌视觉组织必须来自企业已确认的品牌基线，不能由行业原型或模型偏好静默决定。,首批领域数据库知识数据/第六批-G零售经营陈列知识与墙面挂杆闭环包-v0.1/15-双应用全库机器导入候选-v0.2.jsonl,f0aa764a4e78198eb141f39a7ac7af33c3fc5b9d364fa07a58f066f0741eec11
B-VIS-006,新的穿着可能可以由单帧、动作或序列直接成立，不强制故事情节,domain_knowledge,B,batch_4_be,review_candidate,active,content-production / P5,,当前 P5 低条件制作,P5_visual_styling_story；P1_dressing_decision；P2_product_truth；P3_brand_life_narrative；P4_local_response,,,,,,BE-V13,,,调用构图或镜头能力不自动把 P1—P4 改路由为 P5，仍应先看主要产品价值。,首批领域数据库知识数据/第六批-G零售经营陈列知识与墙面挂杆闭环包-v0.1/15-双应用全库机器导入候选-v0.2.jsonl,f0aa764a4e78198eb141f39a7ac7af33c3fc5b9d364fa07a58f066f0741eec11
C-CARE-001,照护场景常同时要求行动便利、可清理性与公共体面,domain_knowledge,C,batch_3_cdf,review_candidate,review_candidate,,,,P1_dressing_decision；P3_brand_life_narrative；P4_local_response,,,任务明确涉及亲子、老人照护、陪护或频繁照料动作,,没有实际照护动作；或只凭“妈妈/女儿/媳妇”等身份猜测生活,CDF-V03,,,不得把照护责任默认归给女性；不得依据家庭身份推断体型、收入、审美或牺牲倾向。；没有实际照护动作；或只凭“妈妈/女儿/媳妇”等身份猜测生活,首批领域数据库知识数据/第六批-G零售经营陈列知识与墙面挂杆闭环包-v0.1/15-双应用全库机器导入候选-v0.2.jsonl,f0aa764a4e78198eb141f39a7ac7af33c3fc5b9d364fa07a58f066f0741eec11
C-CARE-002,代际穿衣分歧可以被理解为优先级差异，而不是谁更正确,domain_knowledge,C,batch_3_cdf,review_candidate,review_candidate,,,,P3_brand_life_narrative；P4_local_response,,,用户种子包含亲子、父母、公婆或伴侣之间的穿衣意见冲突,,涉及伤害、控制或明确权利问题时不能只做审美调和；用户未提供关系时不得补造,CDF-V04,,,不得把长辈写成保守、年轻人写成爱美，也不得用婆媳/亲子对立制造泛流量。；涉及伤害、控制或明确权利问题时不能只做审美调和；用户未提供关系时不得补造,首批领域数据库知识数据/第六批-G零售经营陈列知识与墙面挂杆闭环包-v0.1/15-双应用全库机器导入候选-v0.2.jsonl,f0aa764a4e78198eb141f39a7ac7af33c3fc5b9d364fa07a58f066f0741eec11
C-CARE-003,照护生活的真实张力常来自被打断和无法一次准备完整,domain_knowledge,C,batch_3_cdf,review_candidate,review_candidate,,,,P3_brand_life_narrative；P4_local_response,,,,,,CDF-V03；CDF-V04,,,不得把照护者写成牺牲型圣人，也不得默认孩子、老人或伴侣是制造麻烦的人。,首批领域数据库知识数据/第六批-G零售经营陈列知识与墙面挂杆闭环包-v0.1/15-双应用全库机器导入候选-v0.2.jsonl,f0aa764a4e78198eb141f39a7ac7af33c3fc5b9d364fa07a58f066f0741eec11
C-COMMUTE-001,通勤通常是多阶段任务，不是单一“上班场合”,domain_knowledge,C,batch_3_cdf,review_candidate,active,content-production / P1,"{""scene_conditions"": ""至少存在两个连续生活/工作阶段""}",同一弱种子明确出现两个以上连续生活或工作阶段时,P1_dressing_decision；P3_brand_life_narrative；P4_local_response,,,内容或选择任务涉及从出门到返程的连续一天，而非只看某个静态场合,,用户只明确一个单一场景；或任务与穿着、生活切换无关,CDF-V01,,,不得把“职业女性都忙、都需要万能通勤装”写成群体事实；不得替用户虚构会议、接娃或加班。；用户只明确一个单一场景；或任务与穿着、生活切换无关,首批领域数据库知识数据/第六批-G零售经营陈列知识与墙面挂杆闭环包-v0.1/15-双应用全库机器导入候选-v0.2.jsonl,f0aa764a4e78198eb141f39a7ac7af33c3fc5b9d364fa07a58f066f0741eec11
C-COMMUTE-002,通勤方式会改变动作、暴露与携带要求,domain_knowledge,C,batch_3_cdf,review_candidate,review_candidate,,"{""scene_conditions"": ""通勤方式已知或能由用户任务明确推导""}",,P1_dressing_decision；P4_local_response,,,交通方式会实质影响活动、天气暴露、收纳或进出空间,,交通方式未知且不影响当前结论；或系统只能靠城市刻板印象猜测,CDF-V02,,,不得把城市名自动映射为地铁、开车或骑行；不得声称某种通勤方式适合所有人。；交通方式未知且不影响当前结论；或系统只能靠城市刻板印象猜测,首批领域数据库知识数据/第六批-G零售经营陈列知识与墙面挂杆闭环包-v0.1/15-双应用全库机器导入候选-v0.2.jsonl,f0aa764a4e78198eb141f39a7ac7af33c3fc5b9d364fa07a58f066f0741eec11
C-COMMUTE-003,同一身穿着在一天中被不同角色重新读取,domain_knowledge,C,batch_3_cdf,review_candidate,review_candidate,,,,P3_brand_life_narrative；P4_local_response,,,,,,CDF-V01,,,不得把忙碌、疲惫、接娃或加班默认写成所有职业女性的共同命运；不得强行升华为“女性要平衡一切”。,首批领域数据库知识数据/第六批-G零售经营陈列知识与墙面挂杆闭环包-v0.1/15-双应用全库机器导入候选-v0.2.jsonl,f0aa764a4e78198eb141f39a7ac7af33c3fc5b9d364fa07a58f066f0741eec11
C-HOME-001,从居家到公共空间可以通过少量关键调整完成,domain_knowledge,C,batch_3_cdf,review_candidate,review_candidate,,,,P1_dressing_decision；P3_brand_life_narrative；P5_visual_styling_story,,,用户需要从居家状态快速进入短时公共场景,,用户要参加高正式度活动；或系统不知道当前穿着却给出具体动作,CDF-V07,,,不得把“套件外套就能出门”写成普遍答案；不得把家居状态描述为邋遢或羞耻。；用户要参加高正式度活动；或系统不知道当前穿着却给出具体动作,首批领域数据库知识数据/第六批-G零售经营陈列知识与墙面挂杆闭环包-v0.1/15-双应用全库机器导入候选-v0.2.jsonl,f0aa764a4e78198eb141f39a7ac7af33c3fc5b9d364fa07a58f066f0741eec11
C-HOME-002,舒适与整洁不是天然对立，取决于结构、状态与组合,domain_knowledge,C,batch_3_cdf,review_candidate,review_candidate,,,,P1_dressing_decision；P3_brand_life_narrative；P5_visual_styling_story,,,任务在舒适与公共体面之间寻找平衡,,具体商品事实未知；或用户的舒适需求与健康/功能问题相关而不能泛化,CDF-V07,,,不得写成“在家穿得舒服就是不讲究”；不得用单一版型或颜色保证整洁。；具体商品事实未知；或用户的舒适需求与健康/功能问题相关而不能泛化,首批领域数据库知识数据/第六批-G零售经营陈列知识与墙面挂杆闭环包-v0.1/15-双应用全库机器导入候选-v0.2.jsonl,f0aa764a4e78198eb141f39a7ac7af33c3fc5b9d364fa07a58f066f0741eec11
C-HOME-003,突发进入公共空间是可用的生活切换张力,domain_knowledge,C,batch_3_cdf,review_candidate,review_candidate,,,,P3_brand_life_narrative；P4_local_response,,,,,,CDF-V07,,,不得把普通生活包装成羞耻焦虑，也不得默认受众必须随时保持精致。,首批领域数据库知识数据/第六批-G零售经营陈列知识与墙面挂杆闭环包-v0.1/15-双应用全库机器导入候选-v0.2.jsonl,f0aa764a4e78198eb141f39a7ac7af33c3fc5b9d364fa07a58f066f0741eec11
C-LOCAL-001,地域信息只有在改变处境、判断、行动或关系时才是承重上下文,domain_knowledge,C,batch_3_cdf,review_candidate,active,content-production / P4,,当前 P4 南城店近场信号,P1_dressing_decision；P4_local_response,,,内容明确依赖地域生活差异，或需要判断 P4 与其他产品的路由,,地域信息只是装饰；搜索结果低质、过期、冲突或不能改变结论,CDF-V08；CDF-V18,,,不得把行政级别、南北方或城市标签直接推断为当地人的审美、收入、性格或路线。；地域信息只是装饰；搜索结果低质、过期、冲突或不能改变结论,首批领域数据库知识数据/第六批-G零售经营陈列知识与墙面挂杆闭环包-v0.1/15-双应用全库机器导入候选-v0.2.jsonl,f0aa764a4e78198eb141f39a7ac7af33c3fc5b9d364fa07a58f066f0741eec11
C-LOCAL-002,门店与本地关系内容必须给受众具体关系回报,domain_knowledge,C,batch_3_cdf,review_candidate,active,content-production / P4,,当前 P4 可迁移关系回报,P4_local_response,,,任务主要目标是让品牌或账号进入当地人的日常并推进关系,,任务主要是帮助选择、解释商品、建立人格或创造视觉欲望，应路由其他产品,CDF-V18；CDF-V24,,,不得把 CTA、优惠或地址当作关系回报；不得编造实际服务能力、顾客经历或门店状态。；任务主要是帮助选择、解释商品、建立人格或创造视觉欲望，应路由其他产品,首批领域数据库知识数据/第六批-G零售经营陈列知识与墙面挂杆闭环包-v0.1/15-双应用全库机器导入候选-v0.2.jsonl,f0aa764a4e78198eb141f39a7ac7af33c3fc5b9d364fa07a58f066f0741eec11
C-LOCAL-003,公开本地信号是当次背景，不是顾客或门店事实,domain_knowledge,C,batch_3_cdf,review_candidate,review_candidate,,,,P4_local_response,,,系统按需使用公开搜索或用户提供的公共信号辅助 P4,,信号来源、地域范围或检索时间不可用；或内容不需要该信号,CDF-V18；CDF-V24,,,不得把搜索排名、网络热词或公共活动自动升级为长期知识、顾客画像、门店事实或经营真值。；信号来源、地域范围或检索时间不可用；或内容不需要该信号,首批领域数据库知识数据/第六批-G零售经营陈列知识与墙面挂杆闭环包-v0.1/15-双应用全库机器导入候选-v0.2.jsonl,f0aa764a4e78198eb141f39a7ac7af33c3fc5b9d364fa07a58f066f0741eec11
C-LOCAL-004,总部母题的在地重释应从当地生活差异出发,domain_knowledge,C,batch_3_cdf,review_candidate,review_candidate,,,,P3_brand_life_narrative；P4_local_response,,,,,,CDF-V08；CDF-V18,,,不得只换城市名、地标、方言或片尾地址；不得虚构当地人群爱好和生活路线。,首批领域数据库知识数据/第六批-G零售经营陈列知识与墙面挂杆闭环包-v0.1/15-双应用全库机器导入候选-v0.2.jsonl,f0aa764a4e78198eb141f39a7ac7af33c3fc5b9d364fa07a58f066f0741eec11
C-SOCIAL-001,关系距离会改变正式度、自我暴露与表达幅度,domain_knowledge,C,batch_3_cdf,review_candidate,review_candidate,,,,P1_dressing_decision；P3_brand_life_narrative；P4_local_response,,,场景的关系对象和互动目的会改变穿衣或表达判断,,只知道“约会/社交”标签而不知道关系与目的；或品牌/账号无合法位置,CDF-V06,,,不得把婚姻、性别、年龄或职位直接映射为固定审美；不得承诺某种穿法必然获得好感。；只知道“约会/社交”标签而不知道关系与目的；或品牌/账号无合法位置,首批领域数据库知识数据/第六批-G零售经营陈列知识与墙面挂杆闭环包-v0.1/15-双应用全库机器导入候选-v0.2.jsonl,f0aa764a4e78198eb141f39a7ac7af33c3fc5b9d364fa07a58f066f0741eec11
C-SOCIAL-002,“希望被看见”与“怕显得太用力”可以同时成立,domain_knowledge,C,batch_3_cdf,review_candidate,review_candidate,,,,P1_dressing_decision；P3_brand_life_narrative；P5_visual_styling_story,,,用户明确表达想被看见但不希望过度，或内容需要呈现克制与存在感的张力,,用户目标只是完全隐身或明确要求高戏剧性；或系统用“高级”替代具体关系,CDF-V06,,,不得把中性色、简约或贵价等同“不过度用力”；不得用身体羞辱解释存在感。；用户目标只是完全隐身或明确要求高戏剧性；或系统用“高级”替代具体关系,首批领域数据库知识数据/第六批-G零售经营陈列知识与墙面挂杆闭环包-v0.1/15-双应用全库机器导入候选-v0.2.jsonl,f0aa764a4e78198eb141f39a7ac7af33c3fc5b9d364fa07a58f066f0741eec11
C-SOCIAL-003,社交内容可从准备、犹豫和关系判断切入,domain_knowledge,C,batch_3_cdf,review_candidate,review_candidate,,,,P3_brand_life_narrative；P4_local_response,,,,,,CDF-V06,,,不得默认女性为取悦他人穿衣，或把所有犹豫解释为不自信。,首批领域数据库知识数据/第六批-G零售经营陈列知识与墙面挂杆闭环包-v0.1/15-双应用全库机器导入候选-v0.2.jsonl,f0aa764a4e78198eb141f39a7ac7af33c3fc5b9d364fa07a58f066f0741eec11
C-TRAVEL-001,旅行中的复用价值来自组合兼容和使用条件，不是“百搭”口号,domain_knowledge,C,batch_3_cdf,review_candidate,review_candidate,,,,P1_dressing_decision；P5_visual_styling_story,,,用户明确行李、件数、行程或重复穿着限制,,目的地、季节或活动完全未知且会改变结论；或系统只能用“旅行必备”模板,CDF-V05,,,不得把“百搭”当作无条件优点；不得虚构目的地天气、行程、预算或洗衣条件。；目的地、季节或活动完全未知且会改变结论；或系统只能用“旅行必备”模板,首批领域数据库知识数据/第六批-G零售经营陈列知识与墙面挂杆闭环包-v0.1/15-双应用全库机器导入候选-v0.2.jsonl,f0aa764a4e78198eb141f39a7ac7af33c3fc5b9d364fa07a58f066f0741eec11
C-TRAVEL-002,步行量与移动频率会改变舒适、摩擦、携带和恢复要求,domain_knowledge,C,batch_3_cdf,review_candidate,review_candidate,,,,P1_dressing_decision；P5_visual_styling_story,,,任务涉及高步行量、频繁换乘或长时间移动,,活动量只是推测；或没有任何商品/动作信息却承诺舒适,CDF-V05,,,不得把“轻”“弹”自动等同全天舒适，也不得凭品类名保证耐磨、快干或防皱。；活动量只是推测；或没有任何商品/动作信息却承诺舒适,首批领域数据库知识数据/第六批-G零售经营陈列知识与墙面挂杆闭环包-v0.1/15-双应用全库机器导入候选-v0.2.jsonl,f0aa764a4e78198eb141f39a7ac7af33c3fc5b9d364fa07a58f066f0741eec11
C-TRAVEL-003,旅行内容可以围绕未知、重复与选择成本，而不是地标打卡,domain_knowledge,C,batch_3_cdf,review_candidate,review_candidate,,,,P3_brand_life_narrative；P5_visual_styling_story,,,,,,CDF-V05,,,不得把城市、民族、气候或游客行为写成刻板印象；不得用地标替代穿着关系和人格观察。,首批领域数据库知识数据/第六批-G零售经营陈列知识与墙面挂杆闭环包-v0.1/15-双应用全库机器导入候选-v0.2.jsonl,f0aa764a4e78198eb141f39a7ac7af33c3fc5b9d364fa07a58f066f0741eec11
D-CRAFT-001,每一段必须推进观察、证据、动作或关系,generation_method,D,batch_3_cdf,review_candidate,active,content-production / P1,,当前 P1 成品需要去除重复并推进选择、边界或行动时,P1_dressing_decision；P2_product_truth；P3_brand_life_narrative；P4_local_response；P5_visual_styling_story,,主要产品价值；成品主线；当前媒体与制作条件,初稿存在重复、空泛和节奏拖延；需要在自然时长内保持高信息密度和观看回报,内容需要保留必要停顿、动作或视觉留白，不能只按字数删减；平台/媒体规格尚未确定,,CDF-V22,,,内容需要保留必要停顿、动作或视觉留白，不能只按字数删减；平台/媒体规格尚未确定,首批领域数据库知识数据/第六批-G零售经营陈列知识与墙面挂杆闭环包-v0.1/15-双应用全库机器导入候选-v0.2.jsonl,f0aa764a4e78198eb141f39a7ac7af33c3fc5b9d364fa07a58f066f0741eec11
D-CRAFT-002,自然口语、停顿和自我修正只在符合账号时使用,generation_method,D,batch_3_cdf,review_candidate,active,content-production / P3,,当前 P3 叙事方法,P1_dressing_decision；P2_product_truth；P3_brand_life_narrative；P4_local_response；P5_visual_styling_story,,PublishingAccount + ContentRole；品牌表达边界；当前场景和媒体,内容角色本来就以自然交流、门店口吻或个人观察发声；适度不完美能增强真实交流感,专业精确表达需要更正式语体；系统只能靠故意错字、结巴或口头禅制造“真人感”,,CDF-V22,,,专业精确表达需要更正式语体；系统只能靠故意错字、结巴或口头禅制造“真人感”,首批领域数据库知识数据/第六批-G零售经营陈列知识与墙面挂杆闭环包-v0.1/15-双应用全库机器导入候选-v0.2.jsonl,f0aa764a4e78198eb141f39a7ac7af33c3fc5b9d364fa07a58f066f0741eec11
D-DIRECT-001,先给可执行结论，再补决定条件,generation_method,D,batch_3_cdf,review_candidate,active,content-production / P1,,当前 P1 任务需要先给出可执行选择结论时,P1_dressing_decision；P2_product_truth；P4_local_response,,当前问题或认知任务；决定答案的关键条件；至少一个不适用边界,问题清楚，且主要答案可以在当前条件下直接形成；受众最需要先知道“优先怎样做/怎样看”,缺失信息会改变主要答案；任务需要先澄清应用或主要产品；存在权限或不可替代硬事实缺口,,CDF-V09,,,缺失信息会改变主要答案；任务需要先澄清应用或主要产品；存在权限或不可替代硬事实缺口,首批领域数据库知识数据/第六批-G零售经营陈列知识与墙面挂杆闭环包-v0.1/15-双应用全库机器导入候选-v0.2.jsonl,f0aa764a4e78198eb141f39a7ac7af33c3fc5b9d364fa07a58f066f0741eec11
D-DIRECT-002,把专业结论转成用户能执行的一个动作,generation_method,D,batch_3_cdf,review_candidate,review_candidate,,,,P1_dressing_decision；P2_product_truth；P4_local_response,,已形成的结论；当前可用资源与能力；能够验证或推进结论的动作,受众知道原因仍不知道下一步怎样选、试、看或回应；任务可以通过一个低成本动作验证,动作需要系统未具备的交易、实时库存或外部执行能力；行动会造成不可逆结果却缺少必要信息,,CDF-V10,,,动作需要系统未具备的交易、实时库存或外部执行能力；行动会造成不可逆结果却缺少必要信息,首批领域数据库知识数据/第六批-G零售经营陈列知识与墙面挂杆闭环包-v0.1/15-双应用全库机器导入候选-v0.2.jsonl,f0aa764a4e78198eb141f39a7ac7af33c3fc5b9d364fa07a58f066f0741eec11
D-DRAMA-001,真实种子的增益式情景化,generation_method,D,batch_3_cdf,review_candidate,review_candidate,,,,P1_dressing_decision；P2_product_truth；P3_brand_life_narrative；P4_local_response；P5_visual_styling_story,,任务种子；premise_invariants；creative_license；当前媒体与制作条件,用户按真实经历提供种子，允许默认 enriched；需要用对白、动作、节奏或画面增强可读性和可制作性,新增内容会改变人物身份、关系、事件结果、时间地点数量或公众对实际发生的理解；用户要求逐字记录,,CDF-V19,,,新增内容会改变人物身份、关系、事件结果、时间地点数量或公众对实际发生的理解；用户要求逐字记录,首批领域数据库知识数据/第六批-G零售经营陈列知识与墙面挂杆闭环包-v0.1/15-双应用全库机器导入候选-v0.2.jsonl,f0aa764a4e78198eb141f39a7ac7af33c3fc5b9d364fa07a58f066f0741eec11
D-DRAMA-002,假设与虚构的显式演绎,generation_method,D,batch_3_cdf,review_candidate,review_candidate,,,,P1_dressing_decision；P2_product_truth；P3_brand_life_narrative；P4_local_response；P5_visual_styling_story,,明确的假设/虚构授权；角色和场景设定；不可被虚构覆盖的商品/品牌/权限边界,用户明确要求情景剧、假设或虚构；完整戏剧化有助于呈现问题或品牌人格,任务需要冒充真实顾客案例、门店现场或逐字记录；虚构会覆盖真实商品和经营硬事实,,CDF-V20,,,任务需要冒充真实顾客案例、门店现场或逐字记录；虚构会覆盖真实商品和经营硬事实,首批领域数据库知识数据/第六批-G零售经营陈列知识与墙面挂杆闭环包-v0.1/15-双应用全库机器导入候选-v0.2.jsonl,f0aa764a4e78198eb141f39a7ac7af33c3fc5b9d364fa07a58f066f0741eec11
D-EXPLAIN-001,条件—效果—原因—代价—不适用的专业解释,generation_method,D,batch_3_cdf,review_candidate,active,content-production / P2,,当前 P2 解释方法,P1_dressing_decision；P2_product_truth；P3_brand_life_narrative；P4_local_response；P5_visual_styling_story,,当前专业规律；适用条件；可能效果；原因；代价或限制；不适用情形,需要把条件性专业规律转成普通受众可理解的内容；只给结论会造成绝对化或误解,没有任何适用条件或真实锚点；任务只是情绪/视觉表达，专业解释会抢走主要价值,,CDF-V11,,,没有任何适用条件或真实锚点；任务只是情绪/视觉表达，专业解释会抢走主要价值,首批领域数据库知识数据/第六批-G零售经营陈列知识与墙面挂杆闭环包-v0.1/15-双应用全库机器导入候选-v0.2.jsonl,f0aa764a4e78198eb141f39a7ac7af33c3fc5b9d364fa07a58f066f0741eec11
D-EXPLAIN-002,品牌确认理由与系统专业解释分层,generation_method,D,batch_3_cdf,review_candidate,review_candidate,,,,P2_product_truth；P1_dressing_decision；P5_visual_styling_story,,当前商品事实；是否存在品牌确认理由；可用的条件性专业知识,商品资料可能包含品牌确认的设计/开发理由；资料没有官方理由，但商品特征允许条件性专业解释,系统只凭通用知识就想替品牌说“我们为什么这样设计”；解释需要未知测试、成本、研发或销量事实,,CDF-V12,,,系统只凭通用知识就想替品牌说“我们为什么这样设计”；解释需要未知测试、成本、研发或销量事实,首批领域数据库知识数据/第六批-G零售经营陈列知识与墙面挂杆闭环包-v0.1/15-双应用全库机器导入候选-v0.2.jsonl,f0aa764a4e78198eb141f39a7ac7af33c3fc5b9d364fa07a58f066f0741eec11
D-PERSONA-001,从弱生活种子提取一条人格反应主线,generation_method,D,batch_3_cdf,review_candidate,active,content-production / P3,,当前 P3 账号人格观察,P3_brand_life_narrative；P4_local_response,,任务种子；品牌战略基线；PublishingAccount + ContentRole；目标受众,用户只给一句生活、工作、家庭或情绪种子；种子中存在可被账号注意、判断或对待的一项具体反应,找不到自然品牌/账号关系；需要编造账号履历、家庭成员或重大经历才能成立,,CDF-V15；CDF-V23,,,找不到自然品牌/账号关系；需要编造账号履历、家庭成员或重大经历才能成立,首批领域数据库知识数据/第六批-G零售经营陈列知识与墙面挂杆闭环包-v0.1/15-双应用全库机器导入候选-v0.2.jsonl,f0aa764a4e78198eb141f39a7ac7af33c3fc5b9d364fa07a58f066f0741eec11
D-PERSONA-002,保留未解决的生活毛边，不强迫给答案,generation_method,D,batch_3_cdf,review_candidate,active,content-production / P3,,当前 P3 人格关系回报,P3_brand_life_narrative,,未解决事件或矛盾；账号对人的基本姿态；受众可能获得的关系回报,种子的价值来自矛盾、迟疑、尴尬或尚未解决；账号人格可以通过怎样对待未完成而被识别,用户明确要求决策建议或问题解决，应路由 P1/P4；内容只有模糊情绪，没有具体观察,,CDF-V16,,,用户明确要求决策建议或问题解决，应路由 P1/P4；内容只有模糊情绪，没有具体观察,首批领域数据库知识数据/第六批-G零售经营陈列知识与墙面挂杆闭环包-v0.1/15-双应用全库机器导入候选-v0.2.jsonl,f0aa764a4e78198eb141f39a7ac7af33c3fc5b9d364fa07a58f066f0741eec11
D-RESPONSE-001,把私人提问编译为有公共观看价值的回应,generation_method,D,batch_3_cdf,review_candidate,review_candidate,,,,P1_dressing_decision；P2_product_truth；P4_local_response,,原问题或评论；可公开的共性问题；账号合法回应位置；可提供的帮助或边界,评论、搜索问句或门店问题代表更广泛的受众困惑；回应可以在保护个人信息的同时帮助更多人,问题只涉及个别人的敏感事实；回应会变成客服工单、售后政策或私人争论,,CDF-V17,,,问题只涉及个别人的敏感事实；回应会变成客服工单、售后政策或私人争论,首批领域数据库知识数据/第六批-G零售经营陈列知识与墙面挂杆闭环包-v0.1/15-双应用全库机器导入候选-v0.2.jsonl,f0aa764a4e78198eb141f39a7ac7af33c3fc5b9d364fa07a58f066f0741eec11
D-RESPONSE-002,在地关系三关编译,generation_method,D,batch_3_cdf,review_candidate,active,content-production / P4,,当前 P4 合法账号回应,P4_local_response,,在地上下文；品牌战略基线；合法发布账号与角色；目标受众；可用现实信号或服务输入,主要成果是让品牌/账号进入当地日常并推进关系；有或没有现实信号，都能形成具体在地关系命题,地域信息只是装饰；主要价值实际是选择、商品解释、人格或视觉，应路由其他产品,,CDF-V18；CDF-V24,,,地域信息只是装饰；主要价值实际是选择、商品解释、人格或视觉，应路由其他产品,首批领域数据库知识数据/第六批-G零售经营陈列知识与墙面挂杆闭环包-v0.1/15-双应用全库机器导入候选-v0.2.jsonl,f0aa764a4e78198eb141f39a7ac7af33c3fc5b9d364fa07a58f066f0741eec11
D-REVERSAL-001,用真实变化修正一个旧判断,generation_method,D,batch_3_cdf,review_candidate,review_candidate,,,,P1_dressing_decision；P2_product_truth；P3_brand_life_narrative,,旧判断；具体变化或反例；新的可成立理解；不能被改变的承重事实,受众或人物存在明确旧判断；当前商品、事件或观察提供了真实且可解释的变化,只有标题需要刺激但没有实际变化；反转必须靠新增虚构结果或夸张承诺成立,,CDF-V13,,,只有标题需要刺激但没有实际变化；反转必须靠新增虚构结果或夸张承诺成立,首批领域数据库知识数据/第六批-G零售经营陈列知识与墙面挂杆闭环包-v0.1/15-双应用全库机器导入候选-v0.2.jsonl,f0aa764a4e78198eb141f39a7ac7af33c3fc5b9d364fa07a58f066f0741eec11
D-REVERSAL-002,让动作、对比或画面承担认知变化,generation_method,D,batch_3_cdf,review_candidate,review_candidate,,,,P1_dressing_decision；P2_product_truth；P5_visual_styling_story,,要修正的旧判断；可观察变量；保持不变的对照条件；当前制作条件,核心新理解可以通过穿着动作、前后对比、商品细节或视觉关系被看见；仅口头解释会削弱说服力,没有真实商品或可观察差异；对比需要伪造穿着结果、身体变化或交易反馈,,CDF-V14,,,没有真实商品或可观察差异；对比需要伪造穿着结果、身体变化或交易反馈,首批领域数据库知识数据/第六批-G零售经营陈列知识与墙面挂杆闭环包-v0.1/15-双应用全库机器导入候选-v0.2.jsonl,f0aa764a4e78198eb141f39a7ac7af33c3fc5b9d364fa07a58f066f0741eec11
D-RHETORIC-001,把幽默、比喻和反差当作解释器,generation_method,D,batch_3_cdf,review_candidate,review_candidate,,,,P1_dressing_decision；P2_product_truth；P3_brand_life_narrative；P4_local_response；P5_visual_styling_story,,主要产品价值；需要被解释或放大的具体关系；账号语气边界,修辞能够让专业关系、人格反应或视觉变化更容易被理解和记住,修辞会遮蔽事实、贬损人物或取代主产品价值；只有靠夸张和梗才能成立,,CDF-V21,,,修辞会遮蔽事实、贬损人物或取代主产品价值；只有靠夸张和梗才能成立,首批领域数据库知识数据/第六批-G零售经营陈列知识与墙面挂杆闭环包-v0.1/15-双应用全库机器导入候选-v0.2.jsonl,f0aa764a4e78198eb141f39a7ac7af33c3fc5b9d364fa07a58f066f0741eec11
D-RHETORIC-002,一条内容只保留一条主情绪路线,generation_method,D,batch_3_cdf,review_candidate,review_candidate,,,,P1_dressing_decision；P2_product_truth；P3_brand_life_narrative；P4_local_response；P5_visual_styling_story,,主要产品价值；账号语气；受众期望回报,内容同时出现幽默、共情、克制、幸福感等多个候选效果；需要确定受众主要感受和表达方式,不同效果属于多个独立成品方向，应使用 exploratory；主要产品价值尚未形成,,CDF-V21,,,不同效果属于多个独立成品方向，应使用 exploratory；主要产品价值尚未形成,首批领域数据库知识数据/第六批-G零售经营陈列知识与墙面挂杆闭环包-v0.1/15-双应用全库机器导入候选-v0.2.jsonl,f0aa764a4e78198eb141f39a7ac7af33c3fc5b9d364fa07a58f066f0741eec11
E-ACTUALITY-001,区分概念方案、摆拍捕捉与实际捕捉，不把故事真实性和媒体真实性混成一维,generation_method,E,batch_4_be,review_candidate,review_candidate,,,,P1_dressing_decision；P2_product_truth；P3_brand_life_narrative；P4_local_response；P5_visual_styling_story,,成品默认媒体实际性；少数例外素材/镜头；用户需要理解或执行的差异,成品包含待拍概念、摆拍画面、真实现场或混合素材；用户可能据此判断是否已经实拍或现场发生,为每个普通镜头制造用户操作负担；把真实事件等同于所有画面都必须是实际抓拍,,BE-V07；BE-V30,,,为每个普通镜头制造用户操作负担；把真实事件等同于所有画面都必须是实际抓拍,首批领域数据库知识数据/第六批-G零售经营陈列知识与墙面挂杆闭环包-v0.1/15-双应用全库机器导入候选-v0.2.jsonl,f0aa764a4e78198eb141f39a7ac7af33c3fc5b9d364fa07a58f066f0741eec11
E-ADAPT-001,跨媒体改写保持业务不变量，重新组织表现变量,generation_method,E,batch_4_be,review_candidate,active,content-production / M5-2-media,,明确从已授权源版本改编到当前目标时,P1_dressing_decision；P2_product_truth；P3_brand_life_narrative；P4_local_response；P5_visual_styling_story,,主要产品价值；核心结论/人格反应/关系回报/造型命题；品牌账号身份；商品与事实绑定；新媒体条件,同一主题要改为视频、图文、图片组、口播或其他制作方式；制作条件发生变化但主要成果不变,新请求实质改变主要成果或形成另一项独立成品；源版本的事实、商品或账号身份已经失效,,BE-V26,,,新请求实质改变主要成果或形成另一项独立成品；源版本的事实、商品或账号身份已经失效,首批领域数据库知识数据/第六批-G零售经营陈列知识与墙面挂杆闭环包-v0.1/15-双应用全库机器导入候选-v0.2.jsonl,f0aa764a4e78198eb141f39a7ac7af33c3fc5b9d364fa07a58f066f0741eec11
E-COLOR-001,光线和调色可以组织情绪，但不能误导商品颜色、纹理和结构,generation_method,E,batch_4_be,review_candidate,review_candidate,,,,P5_visual_styling_story；P2_product_truth；P1_dressing_decision；P3_brand_life_narrative；P4_local_response,,商品已知/可观察外观；当前光线与后期处理；本篇承重视觉特征,视觉内容使用自然光、人工光、滤镜或后期调色；商品颜色、纹理或结构是受众判断的重要依据,当前画面无法可靠表现真实商品外观；概念效果会被受众理解为实物状态却没有说明,,BE-V29,,,当前画面无法可靠表现真实商品外观；概念效果会被受众理解为实物状态却没有说明,首批领域数据库知识数据/第六批-G零售经营陈列知识与墙面挂杆闭环包-v0.1/15-双应用全库机器导入候选-v0.2.jsonl,f0aa764a4e78198eb141f39a7ac7af33c3fc5b9d364fa07a58f066f0741eec11
E-FORM-001,根据主要产品价值选择表现语法，不让形式反向决定路由,generation_method,E,batch_4_be,review_candidate,active,content-production / M5-2-media,,当前主要产品需要决定媒体表达关系时,P1_dressing_decision；P2_product_truth；P3_brand_life_narrative；P4_local_response；P5_visual_styling_story,,唯一主要产品合同；受众主要变化；承重内容；实际制作条件,同一主题可以口播、演示、旁白、对话或纯视觉；系统需要判断哪种形式最能完成当前 P1—P5 价值,用户明确要求的媒体成果与当前能力冲突且无法降级；形式要求本身已经构成另一项独立成果,,BE-V21,,,用户明确要求的媒体成果与当前能力冲突且无法降级；形式要求本身已经构成另一项独立成果,首批领域数据库知识数据/第六批-G零售经营陈列知识与墙面挂杆闭环包-v0.1/15-双应用全库机器导入候选-v0.2.jsonl,f0aa764a4e78198eb141f39a7ac7af33c3fc5b9d364fa07a58f066f0741eec11
E-FORM-002,纯视觉只在主要关系无需语言补证时使用,generation_method,E,batch_4_be,review_candidate,review_candidate,,,,P5_visual_styling_story；P1_dressing_decision；P2_product_truth；P3_brand_life_narrative；P4_local_response,,可见主线；真实商品/人物/环境条件；首个视觉入口与展开方式,商品、身体、动作或环境关系已经可由画面直接被看见；语言会重复画面或削弱观看节奏,受众无法从画面理解关键条件、代价或事实边界；只有抽象氛围，没有可复述的视觉主线,,BE-V13,,,受众无法从画面理解关键条件、代价或事实边界；只有抽象氛围，没有可复述的视觉主线,首批领域数据库知识数据/第六批-G零售经营陈列知识与墙面挂杆闭环包-v0.1/15-双应用全库机器导入候选-v0.2.jsonl,f0aa764a4e78198eb141f39a7ac7af33c3fc5b9d364fa07a58f066f0741eec11
E-FORM-003,边讲边演示时，让话语只解释动作无法独立说明的部分,generation_method,E,batch_4_be,review_candidate,review_candidate,,,,P1_dressing_decision；P2_product_truth；P4_local_response；P5_visual_styling_story；P3_brand_life_narrative,,要解释的判断或条件；可见演示动作；话语与动作的分工,判断或商品取舍需要与穿着动作、结构细节或视觉变化同步；纯口播会缺少证明，纯画面会缺少条件,演示与话语各自形成不同主线；动作只是手舞足蹈而不提供信息,,BE-V22,,,演示与话语各自形成不同主线；动作只是手舞足蹈而不提供信息,首批领域数据库知识数据/第六批-G零售经营陈列知识与墙面挂杆闭环包-v0.1/15-双应用全库机器导入候选-v0.2.jsonl,f0aa764a4e78198eb141f39a7ac7af33c3fc5b9d364fa07a58f066f0741eec11
E-FORM-004,旁白用于保留视觉连续和关系空间，不替画面作证,generation_method,E,batch_4_be,review_candidate,review_candidate,,,,P2_product_truth；P3_brand_life_narrative；P4_local_response；P5_visual_styling_story；P1_dressing_decision,,连续画面主线；旁白承担的解释/观点职责；账号与角色合法位置,画面需要连续展开而出镜口播会打断动作；账号观点或专业解释可以后置覆盖,旁白声称画面没有显示的商品结果或现实事件；受众需要明确看见发声者身份才理解关系,,BE-V22,,,旁白声称画面没有显示的商品结果或现实事件；受众需要明确看见发声者身份才理解关系,首批领域数据库知识数据/第六批-G零售经营陈列知识与墙面挂杆闭环包-v0.1/15-双应用全库机器导入候选-v0.2.jsonl,f0aa764a4e78198eb141f39a7ac7af33c3fc5b9d364fa07a58f066f0741eec11
E-FORM-005,对话和问答只在关系或观点差异承担价值时使用,generation_method,E,batch_4_be,review_candidate,review_candidate,,,,P3_brand_life_narrative；P4_local_response；P1_dressing_decision；P2_product_truth；P5_visual_styling_story,,问题或观点差异；双方角色位置；真实/假设/演绎口径,不同角色位置、真实问题或关系距离是主要价值的一部分；一个问题需要以现场回应形成观看价值,只是为了热闹增加第二个人；没有真实评论/关系前提却冒充顾客对话；一人任务无法完成双人场面且未明确演绎,,BE-V23,,,只是为了热闹增加第二个人；没有真实评论/关系前提却冒充顾客对话；一人任务无法完成双人场面且未明确演绎,首批领域数据库知识数据/第六批-G零售经营陈列知识与墙面挂杆闭环包-v0.1/15-双应用全库机器导入候选-v0.2.jsonl,f0aa764a4e78198eb141f39a7ac7af33c3fc5b9d364fa07a58f066f0741eec11
E-FORM-006,单帧、图片组和静物序列按关系展开需要选择,generation_method,E,batch_4_be,review_candidate,active,content-production / M5-2-media,,当前目标为小红书图文时,P1_dressing_decision；P2_product_truth；P3_brand_life_narrative；P4_local_response；P5_visual_styling_story,,一张主图或序列中每张图的职责；可见主线；必要文字与顺序,任务可以由一张主图直接成立，或需要多个画面按顺序展开；没有视频制作条件但仍需完整视觉成品,图片组只是把同一站姿重复多次；顺序与受众理解无关；静物图无法承担穿着关系却仍标 P5,,BE-V24,,,图片组只是把同一站姿重复多次；顺序与受众理解无关；静物图无法承担穿着关系却仍标 P5,首批领域数据库知识数据/第六批-G零售经营陈列知识与墙面挂杆闭环包-v0.1/15-双应用全库机器导入候选-v0.2.jsonl,f0aa764a4e78198eb141f39a7ac7af33c3fc5b9d364fa07a58f066f0741eec11
E-MEDIA-001,媒体进入系统的来源路径与画面实际性保持正交,generation_method,E,batch_4_be,review_candidate,review_candidate,,,,P1_dressing_decision；P2_product_truth；P3_brand_life_narrative；P4_local_response；P5_visual_styling_story,,媒体引用；进入系统的路径；已知实际性/创作方式；当前可用权限,图片/视频可能来自用户上传、组织素材、系统生成、合成或外部连接器；需要避免把“用户上传”误解为真实抓拍,试图在本批冻结完整媒体来源枚举、权利模型或支持矩阵；用来源路径推定素材已获授权,,BE-V30,,,试图在本批冻结完整媒体来源枚举、权利模型或支持矩阵；用来源路径推定素材已获授权,首批领域数据库知识数据/第六批-G零售经营陈列知识与墙面挂杆闭环包-v0.1/15-双应用全库机器导入候选-v0.2.jsonl,f0aa764a4e78198eb141f39a7ac7af33c3fc5b9d364fa07a58f066f0741eec11
E-RESOURCE-001,把制作资源与表现语法分开判断,generation_method,E,batch_4_be,review_candidate,review_candidate,,,,P1_dressing_decision；P2_product_truth；P3_brand_life_narrative；P4_local_response；P5_visual_styling_story,,主要产品价值；当前可用人数、设备、空间与时间约束；可以选择的表现语法,系统需要把同一内容任务适配到单人、双人或团队条件；用户先说设备/人数，容易被误解成固定内容形式,用户已经明确要求某种不可替代的成果且当前资源无法完成；权限、真实商品或素材使用边界尚未成立,,BE-V14,,,用户已经明确要求某种不可替代的成果且当前资源无法完成；权限、真实商品或素材使用边界尚未成立,首批领域数据库知识数据/第六批-G零售经营陈列知识与墙面挂杆闭环包-v0.1/15-双应用全库机器导入候选-v0.2.jsonl,f0aa764a4e78198eb141f39a7ac7af33c3fc5b9d364fa07a58f066f0741eec11
E-RESOURCE-002,按“主价值—承重关系—表现语法—制作资源”顺序编译,generation_method,E,batch_4_be,review_candidate,active,content-production / M5-2-media,,当前媒体条件与主要产品同时出现时,P1_dressing_decision；P2_product_truth；P3_brand_life_narrative；P4_local_response；P5_visual_styling_story,,唯一主要产品合同；受众需要发生的主要变化；当前任务中的承重事实或关系；实际制作条件,种子、商品和媒体要求同时出现，容易形成字段拼盘；需要决定画面、文字、动作和声音谁承担主要价值,主要产品路由尚未确定；用户只在普通讨论而未形成可执行任务,,BE-V15,,,主要产品路由尚未确定；用户只在普通讨论而未形成可执行任务,首批领域数据库知识数据/第六批-G零售经营陈列知识与墙面挂杆闭环包-v0.1/15-双应用全库机器导入候选-v0.2.jsonl,f0aa764a4e78198eb141f39a7ac7af33c3fc5b9d364fa07a58f066f0741eec11
E-RESOURCE-003,让当前真实条件直接塑造唯一主版本,generation_method,E,batch_4_be,review_candidate,active,content-production / M5-2-media,,当前条件下只需要一份可执行主版本时,P1_dressing_decision；P2_product_truth；P3_brand_life_narrative；P4_local_response；P5_visual_styling_story,,当前制作条件；主要产品价值；不可删除的承重画面/声音/文本,用户给出当前人数、设备、场地或是否露脸等制作条件；系统容易默认附加低配/高配两套方案,用户明确要求多路线探索或两种独立制作成果；当前条件缺失且确实会改变主要成果,,BE-V16,,,用户明确要求多路线探索或两种独立制作成果；当前条件缺失且确实会改变主要成果,首批领域数据库知识数据/第六批-G零售经营陈列知识与墙面挂杆闭环包-v0.1/15-双应用全库机器导入候选-v0.2.jsonl,f0aa764a4e78198eb141f39a7ac7af33c3fc5b9d364fa07a58f066f0741eec11
E-RESOURCE-004,团队资源只负责深化同一命题，不生成“总部版产品”,generation_method,E,batch_4_be,review_candidate,review_candidate,,,,P1_dressing_decision；P2_product_truth；P3_brand_life_narrative；P4_local_response；P5_visual_styling_story,,已成立的主要产品价值或 P5 可见造型命题；团队可用资源；品牌视觉边界,总部或团队拥有更多人物、空间、灯光和后期资源；需要把轻制作命题扩展为更充分的视觉/媒体展开,扩展后主要产品价值已经改变；新增场景只是为了展示预算或制作规模,,BE-V17,,,扩展后主要产品价值已经改变；新增场景只是为了展示预算或制作规模,首批领域数据库知识数据/第六批-G零售经营陈列知识与墙面挂杆闭环包-v0.1/15-双应用全库机器导入候选-v0.2.jsonl,f0aa764a4e78198eb141f39a7ac7af33c3fc5b9d364fa07a58f066f0741eec11
E-SOLO-001,用固定机位和明确动作区建立单人可执行画面,generation_method,E,batch_4_be,review_candidate,review_candidate,,,,P1_dressing_decision；P2_product_truth；P3_brand_life_narrative；P4_local_response；P5_visual_styling_story,,可稳定放置手机的位置；人物/商品活动范围；承重动作或画面,一人一手机或没有摄影师；需要完整身体、商品轮廓或动作关系被看见,必须追踪高速移动或复杂空间关系；固定机位会遮挡关键商品细节且无法补拍,,BE-V18；BE-V19,,,必须追踪高速移动或复杂空间关系；固定机位会遮挡关键商品细节且无法补拍,首批领域数据库知识数据/第六批-G零售经营陈列知识与墙面挂杆闭环包-v0.1/15-双应用全库机器导入候选-v0.2.jsonl,f0aa764a4e78198eb141f39a7ac7af33c3fc5b9d364fa07a58f066f0741eec11
E-SOLO-002,单人多景别优先靠主体距离、方向与补拍变化完成,generation_method,E,batch_4_be,review_candidate,review_candidate,,,,P1_dressing_decision；P2_product_truth；P3_brand_life_narrative；P4_local_response；P5_visual_styling_story,,固定机位；可移动距离；整体与细节各自要证明什么,需要全身、局部和商品细节，但只有固定手机；视觉命题需要从整体过渡到细节或反向展开,距离变化会造成严重失焦或商品颜色失真；用户当前空间无法安全移动,,BE-V19,,,距离变化会造成严重失焦或商品颜色失真；用户当前空间无法安全移动,首批领域数据库知识数据/第六批-G零售经营陈列知识与墙面挂杆闭环包-v0.1/15-双应用全库机器导入候选-v0.2.jsonl,f0aa764a4e78198eb141f39a7ac7af33c3fc5b9d364fa07a58f066f0741eec11
E-SOLO-003,把切点放在可重复动作上，用动作连续保持关系清楚,generation_method,E,batch_4_be,review_candidate,review_candidate,,,,P1_dressing_decision；P2_product_truth；P3_brand_life_narrative；P4_local_response；P5_visual_styling_story,,可重复动作；切换前后的主要变量；需要保持不变的条件,需要在同一动作中切换商品面、穿着状态、景别或场景；单人制作希望降低复杂转场难度,动作不能稳定复现；切换会让商品状态或事件真实性被误解,,BE-V01；BE-V20,,,动作不能稳定复现；切换会让商品状态或事件真实性被误解,首批领域数据库知识数据/第六批-G零售经营陈列知识与墙面挂杆闭环包-v0.1/15-双应用全库机器导入候选-v0.2.jsonl,f0aa764a4e78198eb141f39a7ac7af33c3fc5b9d364fa07a58f066f0741eec11
E-SOLO-004,把普通门店空间和自然光作为可控条件，而不是自动升级成布景,generation_method,E,batch_4_be,review_candidate,review_candidate,,,,P1_dressing_decision；P2_product_truth；P3_brand_life_narrative；P4_local_response；P5_visual_styling_story,,可用拍摄区域；主光方向；背景中的干扰与敏感元素；商品真实颜色/结构,门店、办公室或自然空间就是当前真实制作环境；需要低成本完成商品、人物和品牌空间关系,背景包含未经授权人物或敏感信息；光线会严重改变商品颜色/纹理且无法调整；空间本身会被误解为经营陈列实况主张,,BE-V19,,,背景包含未经授权人物或敏感信息；光线会严重改变商品颜色/纹理且无法调整；空间本身会被误解为经营陈列实况主张,首批领域数据库知识数据/第六批-G零售经营陈列知识与墙面挂杆闭环包-v0.1/15-双应用全库机器导入候选-v0.2.jsonl,f0aa764a4e78198eb141f39a7ac7af33c3fc5b9d364fa07a58f066f0741eec11
E-SOUND-001,环境声、脚步和衣料声优先承担质感、动作与空间信息,generation_method,E,batch_4_be,review_candidate,active,content-production / M5-2-media,,当前目标为视频且声音承担内容时,P5_visual_styling_story；P3_brand_life_narrative；P4_local_response；P2_product_truth；P1_dressing_decision,,可安全录制的环境；声音与画面的真实关系；主要视觉/叙事职责,动作、材质或空间本身有可辨声音；希望减少说明性口播并保留真实感,录音会暴露顾客隐私或未经授权对话；声音与实际材质/动作不匹配；噪声影响核心信息,,BE-V29,,,录音会暴露顾客隐私或未经授权对话；声音与实际材质/动作不匹配；噪声影响核心信息,首批领域数据库知识数据/第六批-G零售经营陈列知识与墙面挂杆闭环包-v0.1/15-双应用全库机器导入候选-v0.2.jsonl,f0aa764a4e78198eb141f39a7ac7af33c3fc5b9d364fa07a58f066f0741eec11
E-SOUND-002,音乐与转场声只组织节奏和情绪，不替代内容关系,generation_method,E,batch_4_be,review_candidate,review_candidate,,,,P1_dressing_decision；P2_product_truth；P3_brand_life_narrative；P4_local_response；P5_visual_styling_story,,主要内容节奏；品牌/账号表达幅度；声音使用权与当前媒体条件,需要建立节奏、停顿或情绪方向；声音可以帮助视觉/叙事完成但不是主要证据,音乐制造的情绪与品牌或账号不符；转场音成为主要刺激而商品/观点不可见；权利范围不清,,BE-V29,,,音乐制造的情绪与品牌或账号不符；转场音成为主要刺激而商品/观点不可见；权利范围不清,首批领域数据库知识数据/第六批-G零售经营陈列知识与墙面挂杆闭环包-v0.1/15-双应用全库机器导入候选-v0.2.jsonl,f0aa764a4e78198eb141f39a7ac7af33c3fc5b9d364fa07a58f066f0741eec11
E-TEXT-001,字幕和屏显文字只定位、压缩或强调已经成立的内容,generation_method,E,batch_4_be,review_candidate,active,content-production / M5-2-media,,文字不能替代图像或动作证据时,P1_dressing_decision；P2_product_truth；P3_brand_life_narrative；P4_local_response；P5_visual_styling_story,,画面/话语已经成立的主要信息；需要文字承担的唯一职责,需要在无声观看中保留核心信息；条件、对比或动作节点需要短句定位,文字是唯一能让受众相信画面发生了变化的依据；屏幕文字承载过多课堂解释,,BE-V28,,,文字是唯一能让受众相信画面发生了变化的依据；屏幕文字承载过多课堂解释,首批领域数据库知识数据/第六批-G零售经营陈列知识与墙面挂杆闭环包-v0.1/15-双应用全库机器导入候选-v0.2.jsonl,f0aa764a4e78198eb141f39a7ac7af33c3fc5b9d364fa07a58f066f0741eec11
E-TIME-001,用能完整兑现主价值且无冗余的自然时长,generation_method,E,batch_4_be,review_candidate,active,content-production / M5-2-media,,视频需要无冗余自然时长时,P1_dressing_decision；P2_product_truth；P3_brand_life_narrative；P4_local_response；P5_visual_styling_story,,主要产品价值；不可删除的承重段落/画面/声音；当前媒体和制作条件,用户未指定严格时长；不同内容需要不同的判断、关系或视觉展开长度,平台或用户已经给出明确上限；内容因所谓完整而不断加解释、情节或重复镜头,,BE-V25,,,平台或用户已经给出明确上限；内容因所谓完整而不断加解释、情节或重复镜头,首批领域数据库知识数据/第六批-G零售经营陈列知识与墙面挂杆闭环包-v0.1/15-双应用全库机器导入候选-v0.2.jsonl,f0aa764a4e78198eb141f39a7ac7af33c3fc5b9d364fa07a58f066f0741eec11
E-TIME-002,缩短时按功能重新编排，不从尾部机械截断,generation_method,E,batch_4_be,review_candidate,active,content-production / M5-2-media,,用户明确要求压短时,P1_dressing_decision；P2_product_truth；P3_brand_life_narrative；P4_local_response；P5_visual_styling_story,,源版本的主价值、核心结论、事实和承重画面；目标时长/长度；可删除与不可删除部分,用户要求更短版本或平台时长收紧；当前版本包含可压缩解释和重复,目标长度无法容纳主要产品价值与必要事实；缩短会导致 P5 视觉关系或 P1/P2 边界丢失,,BE-V26,,,目标长度无法容纳主要产品价值与必要事实；缩短会导致 P5 视觉关系或 P1/P2 边界丢失,首批领域数据库知识数据/第六批-G零售经营陈列知识与墙面挂杆闭环包-v0.1/15-双应用全库机器导入候选-v0.2.jsonl,f0aa764a4e78198eb141f39a7ac7af33c3fc5b9d364fa07a58f066f0741eec11
E-TIME-003,延长时增加证据、体验或关系层次，不重复同一观点,generation_method,E,batch_4_be,review_candidate,review_candidate,,,,P1_dressing_decision；P2_product_truth；P3_brand_life_narrative；P4_local_response；P5_visual_styling_story,,源版本主价值；可以深化的真实信息或制作资源；不应改变的核心结论与事实,用户要求更长版本；当前主线有真实可展开的条件、证据、动作或关系,没有新的信息职责；只能通过更多形容词、场景和金句延长,,BE-V26,,,没有新的信息职责；只能通过更多形容词、场景和金句延长,首批领域数据库知识数据/第六批-G零售经营陈列知识与墙面挂杆闭环包-v0.1/15-双应用全库机器导入候选-v0.2.jsonl,f0aa764a4e78198eb141f39a7ac7af33c3fc5b9d364fa07a58f066f0741eec11
E-VISUAL-001,让第一个主要视觉入口先给出具体观看承诺,generation_method,E,batch_4_be,review_candidate,active,content-production / M5-2-media,,当前成品需要首图、封面或首帧时,P5_visual_styling_story；P1_dressing_decision；P2_product_truth；P3_brand_life_narrative；P4_local_response,,主要产品价值；可见主线；当前媒体的第一视觉入口,视觉承担主要或重要价值；用户需要封面、首图、开场或第一画面,入口只能靠抽象标题解释；为了抓人伪造商品、身体或事件结果,,BE-V27,,,入口只能靠抽象标题解释；为了抓人伪造商品、身体或事件结果,首批领域数据库知识数据/第六批-G零售经营陈列知识与墙面挂杆闭环包-v0.1/15-双应用全库机器导入候选-v0.2.jsonl,f0aa764a4e78198eb141f39a7ac7af33c3fc5b9d364fa07a58f066f0741eec11
E-VISUAL-002,用主次、留白、对比和空间关系控制观看路径,generation_method,E,batch_4_be,review_candidate,review_candidate,,,,P5_visual_styling_story；P1_dressing_decision；P2_product_truth；P3_brand_life_narrative；P4_local_response,,主视觉重音；支持元素；背景与文字职责,画面中商品、人物、背景和文字同时存在；需要让一个视觉重音先被看见,所有元素都被要求同等突出；品牌视觉边界尚未确认却用通用审美替代,,BE-V27,,,所有元素都被要求同等突出；品牌视觉边界尚未确认却用通用审美替代,首批领域数据库知识数据/第六批-G零售经营陈列知识与墙面挂杆闭环包-v0.1/15-双应用全库机器导入候选-v0.2.jsonl,f0aa764a4e78198eb141f39a7ac7af33c3fc5b9d364fa07a58f066f0741eec11
E-VISUAL-003,让图片或镜头顺序完成入口、展开和完成，而不是堆镜头,generation_method,E,batch_4_be,review_candidate,active,content-production / M5-2-media,,当前成品需要图片或镜头顺序时,P5_visual_styling_story；P1_dressing_decision；P2_product_truth；P3_brand_life_narrative；P4_local_response,,序列主线；每一段/图的唯一职责；完成条件,单帧不足以表达完整关系；内容需要通过动作、比较或细节逐步被理解,顺序可任意交换而不影响理解；每个镜头都只是不同姿势的重复,,BE-V27,,,顺序可任意交换而不影响理解；每个镜头都只是不同姿势的重复,首批领域数据库知识数据/第六批-G零售经营陈列知识与墙面挂杆闭环包-v0.1/15-双应用全库机器导入候选-v0.2.jsonl,f0aa764a4e78198eb141f39a7ac7af33c3fc5b9d364fa07a58f066f0741eec11
E-VISUAL-004,动作连续应服务视觉理解，不为转场炫技,generation_method,E,batch_4_be,review_candidate,review_candidate,,,,P5_visual_styling_story；P1_dressing_decision；P2_product_truth；P3_brand_life_narrative；P4_local_response,,动作方向与起止点；镜头间保持/改变的条件；受众要看见的关系,跨镜头展示同一动作或同一商品状态变化；需要减少剪辑断裂,动作连续会掩盖真实时间/场景差异；承重变化无法稳定重复,,BE-V20,,,动作连续会掩盖真实时间/场景差异；承重变化无法稳定重复,首批领域数据库知识数据/第六批-G零售经营陈列知识与墙面挂杆闭环包-v0.1/15-双应用全库机器导入候选-v0.2.jsonl,f0aa764a4e78198eb141f39a7ac7af33c3fc5b9d364fa07a58f066f0741eec11
F-HQ-PRODUCT-001,总部设计/商品专业角色,industry_role_template,F,batch_3_cdf,review_candidate,review_candidate,,,,,,,,,,CDF-V23,,,某门店顾客的第一人称经历；区域消费事实；没有资料支持的品牌设计动机、测试、成本与研发故事；系统权限或审批权；门店当天销售/库存；未确认用户故事；超出职责的品牌长期承诺,首批领域数据库知识数据/第六批-G零售经营陈列知识与墙面挂杆闭环包-v0.1/15-双应用全库机器导入候选-v0.2.jsonl,f0aa764a4e78198eb141f39a7ac7af33c3fc5b9d364fa07a58f066f0741eec11
F-HQ-SERVICE-001,总部零售/服务专业角色,industry_role_template,F,batch_3_cdf,review_candidate,review_candidate,,,,,,,,,,CDF-V23,,,某家门店实际发生的顾客故事；当地生活和商圈的第一人称证明；未经确认的全国门店执行事实；门店管理审批权；具体门店现货/营业状态；区域消费画像；私人顾客关系,首批领域数据库知识数据/第六批-G零售经营陈列知识与墙面挂杆闭环包-v0.1/15-双应用全库机器导入候选-v0.2.jsonl,f0aa764a4e78198eb141f39a7ac7af33c3fc5b9d364fa07a58f066f0741eec11
F-HQ-VALUE-001,总部品牌价值/主理角色,industry_role_template,F,batch_3_cdf,review_candidate,review_candidate,,,,,,,,,,CDF-V23,,,某家门店的第一人称顾客服务经历；未参与的商品设计/技术细节；未经企业确认的创始人私生活与人生经历；区域或终端的真实现场；具体门店当日经营事实；未经确认的研发、成本或销量故事；私人家庭生活的默认编造,首批领域数据库知识数据/第六批-G零售经营陈列知识与墙面挂杆闭环包-v0.1/15-双应用全库机器导入候选-v0.2.jsonl,f0aa764a4e78198eb141f39a7ac7af33c3fc5b9d364fa07a58f066f0741eec11
F-MATRIX-001,三级 IP 矩阵冷启动规划模板,industry_role_template,F,batch_3_cdf,review_candidate,review_candidate,,,,,,,,,,CDF-V25,,,任何一个具体真人或发布账号；把五类角色资产理解为必须创建五个账号；把模板角色直接激活为正式人设；用总部账号替门店角色；固定账号数量；固定内容比例；总部逐条审批；为未来空角色预建账号和流程,首批领域数据库知识数据/第六批-G零售经营陈列知识与墙面挂杆闭环包-v0.1/15-双应用全库机器导入候选-v0.2.jsonl,f0aa764a4e78198eb141f39a7ac7af33c3fc5b9d364fa07a58f066f0741eec11
F-REGION-OPERATOR-001,区域经营/转译角色,industry_role_template,F,batch_3_cdf,review_candidate,review_candidate,,,,,,,,,,CDF-V24,,,总部设计/品牌价值决策者；某家加盟店的第一人称现场；未经输入的地区人群画像；终端私人素材与私人系列前情；总部内部决策细节；未确认的当地消费性格；门店库存、顾客和服务结果,首批领域数据库知识数据/第六批-G零售经营陈列知识与墙面挂杆闭环包-v0.1/15-双应用全库机器导入候选-v0.2.jsonl,f0aa764a4e78198eb141f39a7ac7af33c3fc5b9d364fa07a58f066f0741eec11
F-STORE-ADVISOR-001,终端搭配顾问/导购角色,industry_role_template,F,batch_3_cdf,review_candidate,review_candidate,,,,,,,,,,CDF-V23,,,医疗或身体诊断者；总部设计/开发决策者；未经输入的顾客购买结果与私人关系；店长经营决策权限；身体羞辱；绝对显瘦显高承诺；未经确认的商品动机与功能,首批领域数据库知识数据/第六批-G零售经营陈列知识与墙面挂杆闭环包-v0.1/15-双应用全库机器导入候选-v0.2.jsonl,f0aa764a4e78198eb141f39a7ac7af33c3fc5b9d364fa07a58f066f0741eec11
F-STORE-MANAGER-001,终端店长/门店经营者角色,industry_role_template,F,batch_3_cdf,review_candidate,review_candidate,,,,,,,,,,CDF-V23；CDF-V24,,,总部品牌价值或设计决策者；未经输入的顾客故事、销量、库存和活动；实际操作人的私人家庭履历；其他门店的第一人称经验；全国品牌承诺；未经确认的商品开发理由；顾客隐私和人物画像,首批领域数据库知识数据/第六批-G零售经营陈列知识与墙面挂杆闭环包-v0.1/15-双应用全库机器导入候选-v0.2.jsonl,f0aa764a4e78198eb141f39a7ac7af33c3fc5b9d364fa07a58f066f0741eec11
F-SYMBOL-001,商品/栏目/服务仪式符号模板,industry_role_template,F,batch_3_cdf,review_candidate,review_candidate,,,,,,,,,,CDF-V25,,,真人经历、情绪与第一人称人生；未经确认的品牌事实；自动发布账号或系统权限；跨品牌共享的万能符号；虚构商品事实；把栏目名当品牌相关性的唯一证明；用拟人化冒充真人或顾客关系,首批领域数据库知识数据/第六批-G零售经营陈列知识与墙面挂杆闭环包-v0.1/15-双应用全库机器导入候选-v0.2.jsonl,f0aa764a4e78198eb141f39a7ac7af33c3fc5b9d364fa07a58f066f0741eec11
H-GLOBAL-ACTUALITY-001,媒体实际性诚实,evaluation_rule,H,batch_5_h,review_candidate,review_candidate,,,,,,,,,,AB-V16；BE-V07；BE-V30,,,把概念图、合成图、摆拍或用户上传素材推定为真实抓拍、已执行或已获全部授权。,首批领域数据库知识数据/第六批-G零售经营陈列知识与墙面挂杆闭环包-v0.1/15-双应用全库机器导入候选-v0.2.jsonl,f0aa764a4e78198eb141f39a7ac7af33c3fc5b9d364fa07a58f066f0741eec11
H-GLOBAL-APP-001,对外内容与对内陈列应用边界,evaluation_rule,H,batch_5_h,review_candidate,review_candidate,,,,,,,,,,AB-V15；BE-V06；H-V02,,,把 P5 内容画面直接当作门店陈列执行方案、巡检结论或现场证据。,首批领域数据库知识数据/第六批-G零售经营陈列知识与墙面挂杆闭环包-v0.1/15-双应用全库机器导入候选-v0.2.jsonl,f0aa764a4e78198eb141f39a7ac7af33c3fc5b9d364fa07a58f066f0741eec11
H-GLOBAL-AUTH-001,账号与发布账号操作授权,evaluation_rule,H,batch_5_h,review_candidate,review_candidate,,,,,,,,,,H-V01,,,未授权账号仍可生成、读取或导出品牌内容；或把多人共享岗位账号当作自然人登录身份。,首批领域数据库知识数据/第六批-G零售经营陈列知识与墙面挂杆闭环包-v0.1/15-双应用全库机器导入候选-v0.2.jsonl,f0aa764a4e78198eb141f39a7ac7af33c3fc5b9d364fa07a58f066f0741eec11
H-GLOBAL-BRAND-001,品牌实质相关,evaluation_rule,H,batch_5_h,review_candidate,review_candidate,,,,,,,,,,CDF-V15；BE-V12；H-V07,,,由某账号发布即自证品牌相关；删除品牌名后内容可原封不动套给任何品牌。,首批领域数据库知识数据/第六批-G零售经营陈列知识与墙面挂杆闭环包-v0.1/15-双应用全库机器导入候选-v0.2.jsonl,f0aa764a4e78198eb141f39a7ac7af33c3fc5b9d364fa07a58f066f0741eec11
H-GLOBAL-CTA-001,商业动作与事实声明分别约束,evaluation_rule,H,batch_5_h,review_candidate,review_candidate,,,,,,,,,,H-V10,,,有到店 CTA 就强迫写价格库存；或承诺不存在的链接、支付、预约、实时库存和活动。,首批领域数据库知识数据/第六批-G零售经营陈列知识与墙面挂杆闭环包-v0.1/15-双应用全库机器导入候选-v0.2.jsonl,f0aa764a4e78198eb141f39a7ac7af33c3fc5b9d364fa07a58f066f0741eec11
H-GLOBAL-FACT-001,品牌与商品事实忠实,evaluation_rule,H,batch_5_h,review_candidate,review_candidate,,,,,,,,,,AB-V03；AB-V06；AB-V11；H-V04,,,编造成分、工艺、功能、销量、测试、品牌动机，或用旧文案覆盖当前商品资料。,首批领域数据库知识数据/第六批-G零售经营陈列知识与墙面挂杆闭环包-v0.1/15-双应用全库机器导入候选-v0.2.jsonl,f0aa764a4e78198eb141f39a7ac7af33c3fc5b9d364fa07a58f066f0741eec11
H-GLOBAL-GAIN-001,有效增益而非复述,evaluation_rule,H,batch_5_h,review_candidate,review_candidate,,,,,,,,,,H-V07,,,仅改写措辞、同义扩写或堆叠形容词，虽无事实错误但没有新增价值。,首批领域数据库知识数据/第六批-G零售经营陈列知识与墙面挂杆闭环包-v0.1/15-双应用全库机器导入候选-v0.2.jsonl,f0aa764a4e78198eb141f39a7ac7af33c3fc5b9d364fa07a58f066f0741eec11
H-GLOBAL-HARDNESS-001,领域知识硬度表达正确,evaluation_rule,H,batch_5_h,review_candidate,review_candidate,,,,,,,,,,AB-V01；AB-V02；AB-V07；CDF-V11；H-V08,,,把“羊毛保暖”“短款显高”“秋天大地色”等条件或审美判断写成普遍真理。,首批领域数据库知识数据/第六批-G零售经营陈列知识与墙面挂杆闭环包-v0.1/15-双应用全库机器导入候选-v0.2.jsonl,f0aa764a4e78198eb141f39a7ac7af33c3fc5b9d364fa07a58f066f0741eec11
H-GLOBAL-MAKE-001,当前制作条件下可用或可制作,evaluation_rule,H,batch_5_h,review_candidate,review_candidate,,,,,,,,,,BE-V14；BE-V16；BE-V18；BE-V19,,,一人一手机方案暗含摄影师、轨道、复杂灯光或多场景；主方案不可执行，只在末尾让用户自行简化。,首批领域数据库知识数据/第六批-G零售经营陈列知识与墙面挂杆闭环包-v0.1/15-双应用全库机器导入候选-v0.2.jsonl,f0aa764a4e78198eb141f39a7ac7af33c3fc5b9d364fa07a58f066f0741eec11
H-GLOBAL-OPERATING-001,人工经营输入忠实且不做真值裁决,evaluation_rule,H,batch_5_h,review_candidate,review_candidate,,,,,,,,,,H-V05,,,擅自改数、扩大到其他门店/时间，或建立来源排名、新鲜度评分和交易真值判断。,首批领域数据库知识数据/第六批-G零售经营陈列知识与墙面挂杆闭环包-v0.1/15-双应用全库机器导入候选-v0.2.jsonl,f0aa764a4e78198eb141f39a7ac7af33c3fc5b9d364fa07a58f066f0741eec11
H-GLOBAL-OUTPUT-001,只向用户交付完整成品,evaluation_rule,H,batch_5_h,review_candidate,review_candidate,,,,,,,,,,H-V09,,,向用户展示提示词、规则名、分数、主张标签、隐藏推理或后台运行报告；或只给提纲而非要求的完整成品。,首批领域数据库知识数据/第六批-G零售经营陈列知识与墙面挂杆闭环包-v0.1/15-双应用全库机器导入候选-v0.2.jsonl,f0aa764a4e78198eb141f39a7ac7af33c3fc5b9d364fa07a58f066f0741eec11
H-GLOBAL-PEOPLE-001,不以身体、年龄、家庭、职业或城市标签制造绝对判断,evaluation_rule,H,batch_5_h,review_candidate,review_candidate,,,,,,,,,,AB-V07；CDF-V03；CDF-V04；CDF-V06,,,“梨形都该穿 A 型”“当妈只能牺牲精致”“某城市女性都怎样”等绝对或歧视性结论。,首批领域数据库知识数据/第六批-G零售经营陈列知识与墙面挂杆闭环包-v0.1/15-双应用全库机器导入候选-v0.2.jsonl,f0aa764a4e78198eb141f39a7ac7af33c3fc5b9d364fa07a58f066f0741eec11
H-GLOBAL-PREMISE-001,用户承重前提忠实,evaluation_rule,H,batch_5_h,review_candidate,review_candidate,,,,,,,,,,CDF-V19；CDF-V20；H-V04,,,为了戏剧性新增人物、改变争吵或购买结果、篡改时间地点数量，或把演绎冒充真实记录。,首批领域数据库知识数据/第六批-G零售经营陈列知识与墙面挂杆闭环包-v0.1/15-双应用全库机器导入候选-v0.2.jsonl,f0aa764a4e78198eb141f39a7ac7af33c3fc5b9d364fa07a58f066f0741eec11
H-GLOBAL-ROLE-001,发布账号与内容角色表达位置匹配,evaluation_rule,H,batch_5_h,review_candidate,review_candidate,,,,,,,,,,CDF-V23；CDF-V24；H-V06,,,总部角色冒充门店亲历、门店角色冒充总部设计决定，或只换账号名而内容资格不变。,首批领域数据库知识数据/第六批-G零售经营陈列知识与墙面挂杆闭环包-v0.1/15-双应用全库机器导入候选-v0.2.jsonl,f0aa764a4e78198eb141f39a7ac7af33c3fc5b9d364fa07a58f066f0741eec11
H-GLOBAL-ROUTE-001,一个独立成品只执行一个主要产品合同,evaluation_rule,H,batch_5_h,review_candidate,review_candidate,,,,,,,,,,BE-V15；H-V03,,,同一成品同时执行两套完整产品合同，或用 supporting_content_products 掩盖主要任务不清。,首批领域数据库知识数据/第六批-G零售经营陈列知识与墙面挂杆闭环包-v0.1/15-双应用全库机器导入候选-v0.2.jsonl,f0aa764a4e78198eb141f39a7ac7af33c3fc5b9d364fa07a58f066f0741eec11
H-GLOBAL-TASK-001,主要产品价值必须完整兑现,evaluation_rule,H,batch_5_h,review_candidate,review_candidate,,,,,,,,,,BE-V15；H-V03,,,只完成口播、分镜、故事或商品曝光，却没有完成主产品价值。,首批领域数据库知识数据/第六批-G零售经营陈列知识与墙面挂杆闭环包-v0.1/15-双应用全库机器导入候选-v0.2.jsonl,f0aa764a4e78198eb141f39a7ac7af33c3fc5b9d364fa07a58f066f0741eec11
H-GLOBAL-TEMPLATE-001,明显模板化与 AI 口水化必须后台改写,evaluation_rule,H,batch_5_h,review_candidate,review_candidate,,,,,,,,,,CDF-V22；CDF-V25；BE-V12,,,“不是……而是……”套用、强行升华、所有品牌同一慢镜头/滤镜/句式，或用禁词表假装真人。,首批领域数据库知识数据/第六批-G零售经营陈列知识与墙面挂杆闭环包-v0.1/15-双应用全库机器导入候选-v0.2.jsonl,f0aa764a4e78198eb141f39a7ac7af33c3fc5b9d364fa07a58f066f0741eec11
H-GLOBAL-TENANT-001,租户、品牌与工作区隔离,evaluation_rule,H,batch_5_h,review_candidate,review_candidate,,,,,,,,,,H-V01,,,品牌 A 任务调用品牌 B 商品、其他工作区正文、私人素材或账号连续前情。,首批领域数据库知识数据/第六批-G零售经营陈列知识与墙面挂杆闭环包-v0.1/15-双应用全库机器导入候选-v0.2.jsonl,f0aa764a4e78198eb141f39a7ac7af33c3fc5b9d364fa07a58f066f0741eec11
H-MAT-BRAND-001,跨多篇去标识品牌可识别度,evaluation_rule,H,batch_5_h,review_candidate,review_candidate,,,,,,,,,,,,,把单篇是否无 Logo 可识别当作首期阻断，或把固定滤镜等同品牌识别。,首批领域数据库知识数据/第六批-G零售经营陈列知识与墙面挂杆闭环包-v0.1/15-双应用全库机器导入候选-v0.2.jsonl,f0aa764a4e78198eb141f39a7ac7af33c3fc5b9d364fa07a58f066f0741eec11
H-MAT-CONTINUITY-001,账号与系列连续但不重复,evaluation_rule,H,batch_5_h,review_candidate,review_candidate,,,,,,,,,,,,,把连续性做成同一模板反复使用，或把未确认生成细节循环升级为账号/人物事实。,首批领域数据库知识数据/第六批-G零售经营陈列知识与墙面挂杆闭环包-v0.1/15-双应用全库机器导入候选-v0.2.jsonl,f0aa764a4e78198eb141f39a7ac7af33c3fc5b9d364fa07a58f066f0741eec11
H-MAT-VISUAL-001,跨期视觉母语稳定度,evaluation_rule,H,batch_5_h,review_candidate,review_candidate,,,,,,,,,,,,,把动作对位、慢镜头、低饱和或某种黄金拍法复制为视觉母语。,首批领域数据库知识数据/第六批-G零售经营陈列知识与墙面挂杆闭环包-v0.1/15-双应用全库机器导入候选-v0.2.jsonl,f0aa764a4e78198eb141f39a7ac7af33c3fc5b9d364fa07a58f066f0741eec11
H-OFF-ACCOUNT-001,换发布账号/内容角色反事实,evaluation_rule,H,batch_5_h,review_candidate,review_candidate,,,,,,,,,,CDF-V23；CDF-V24,,,只换账号名和语气，或让总部冒充门店亲历、门店冒充总部权威。,首批领域数据库知识数据/第六批-G零售经营陈列知识与墙面挂杆闭环包-v0.1/15-双应用全库机器导入候选-v0.2.jsonl,f0aa764a4e78198eb141f39a7ac7af33c3fc5b9d364fa07a58f066f0741eec11
H-OFF-BRAND-001,换品牌反事实敏感性,evaluation_rule,H,batch_5_h,review_candidate,review_candidate,,,,,,,,,,AB-V13；BE-V04,,,只换品牌名、Logo、片尾和滤镜，主体内容无需变化。,首批领域数据库知识数据/第六批-G零售经营陈列知识与墙面挂杆闭环包-v0.1/15-双应用全库机器导入候选-v0.2.jsonl,f0aa764a4e78198eb141f39a7ac7af33c3fc5b9d364fa07a58f066f0741eec11
H-OFF-DISTRIBUTION-001,统一/本地化/混合分发策略检查,evaluation_rule,H,batch_5_h,review_candidate,review_candidate,,,,,,,,,,H-V18,,,把统一稿冒充门店独立人格，或要求总部/区域/门店永远不得复用。,首批领域数据库知识数据/第六批-G零售经营陈列知识与墙面挂杆闭环包-v0.1/15-双应用全库机器导入候选-v0.2.jsonl,f0aa764a4e78198eb141f39a7ac7af33c3fc5b9d364fa07a58f066f0741eec11
H-OFF-EVENT-001,导出不等于采用或系列更新,evaluation_rule,H,batch_5_h,review_candidate,review_candidate,,,,,,,,,,H-V15,,,导出即采用、导出即记忆、导出后自动允许公开承接。,首批领域数据库知识数据/第六批-G零售经营陈列知识与墙面挂杆闭环包-v0.1/15-双应用全库机器导入候选-v0.2.jsonl,f0aa764a4e78198eb141f39a7ac7af33c3fc5b9d364fa07a58f066f0741eec11
H-OFF-FEEDBACK-001,缺少发布反馈不得门控或判负,evaluation_rule,H,batch_5_h,review_candidate,review_candidate,,,,,,,,,,H-V16,,,建立反馈债务、管理员放行、阻断下一任务，或把缺失反馈当失败。,首批领域数据库知识数据/第六批-G零售经营陈列知识与墙面挂杆闭环包-v0.1/15-双应用全库机器导入候选-v0.2.jsonl,f0aa764a4e78198eb141f39a7ac7af33c3fc5b9d364fa07a58f066f0741eec11
H-OFF-P5-ACTUALITY-001,P5 切换媒体实际性检查,evaluation_rule,H,batch_5_h,review_candidate,review_candidate,,,,,,,,,,AB-V16；BE-V07；BE-V30,,,为概念方案新建第二套 P5，或把合成/概念图标成实拍。,首批领域数据库知识数据/第六批-G零售经营陈列知识与墙面挂杆闭环包-v0.1/15-双应用全库机器导入候选-v0.2.jsonl,f0aa764a4e78198eb141f39a7ac7af33c3fc5b9d364fa07a58f066f0741eec11
H-OFF-P5-DISPLAY-001,P5 切换对内陈列检查,evaluation_rule,H,batch_5_h,review_candidate,review_candidate,,,,,,,,,,AB-V15；BE-V06,,,把 P5 成品直接转成执行方案、已执行状态或巡检证据。,首批领域数据库知识数据/第六批-G零售经营陈列知识与墙面挂杆闭环包-v0.1/15-双应用全库机器导入候选-v0.2.jsonl,f0aa764a4e78198eb141f39a7ac7af33c3fc5b9d364fa07a58f066f0741eec11
H-OFF-P5-NOPRODUCT-001,P5 移除真实商品检查,evaluation_rule,H,batch_5_h,review_candidate,review_candidate,,,,,,,,,,BE-V02,,,继续凭空生成商品、用通用审美图替代，或输出无商品 P5。,首批领域数据库知识数据/第六批-G零售经营陈列知识与墙面挂杆闭环包-v0.1/15-双应用全库机器导入候选-v0.2.jsonl,f0aa764a4e78198eb141f39a7ac7af33c3fc5b9d364fa07a58f066f0741eec11
H-OFF-P5-NOVISUAL-001,P5 移除视觉承重检查,evaluation_rule,H,batch_5_h,review_candidate,review_candidate,,,,,,,,,,AB-V14；BE-V05,,,因存在造型词或口播仍保留 P5 标签。,首批领域数据库知识数据/第六批-G零售经营陈列知识与墙面挂杆闭环包-v0.1/15-双应用全库机器导入候选-v0.2.jsonl,f0aa764a4e78198eb141f39a7ac7af33c3fc5b9d364fa07a58f066f0741eec11
H-OFF-PREMISE-001,换创作权限与前提不变量,evaluation_rule,H,batch_5_h,review_candidate,review_candidate,,,,,,,,,,CDF-V19；CDF-V20,,,两种权限输出无差异，或 enriched 改写承重前提，或 dramatized 冒充真实记录。,首批领域数据库知识数据/第六批-G零售经营陈列知识与墙面挂杆闭环包-v0.1/15-双应用全库机器导入候选-v0.2.jsonl,f0aa764a4e78198eb141f39a7ac7af33c3fc5b9d364fa07a58f066f0741eec11
H-OFF-PRODUCT-001,换商品反事实,evaluation_rule,H,batch_5_h,review_candidate,review_candidate,,,,,,,,,,AB-V13；BE-V03,,,只换商品名、颜色或字幕，专业判断和承重画面保持不变。,首批领域数据库知识数据/第六批-G零售经营陈列知识与墙面挂杆闭环包-v0.1/15-双应用全库机器导入候选-v0.2.jsonl,f0aa764a4e78198eb141f39a7ac7af33c3fc5b9d364fa07a58f066f0741eec11
H-OFF-REGION-001,换地域反事实,evaluation_rule,H,batch_5_h,review_candidate,review_candidate,,,,,,,,,,CDF-V08；CDF-V18,,,城市名、方言、地标变化，核心处境和回应完全相同。,首批领域数据库知识数据/第六批-G零售经营陈列知识与墙面挂杆闭环包-v0.1/15-双应用全库机器导入候选-v0.2.jsonl,f0aa764a4e78198eb141f39a7ac7af33c3fc5b9d364fa07a58f066f0741eec11
H-OFF-UPGRADE-001,生成、采用或高表现不得自动升级知识,evaluation_rule,H,batch_5_h,review_candidate,review_candidate,,,,,,,,,,H-V17,,,高播放即真理、用户采用即事实、系统派生循环写回 KnowledgeStatement/PolicyRule。,首批领域数据库知识数据/第六批-G零售经营陈列知识与墙面挂杆闭环包-v0.1/15-双应用全库机器导入候选-v0.2.jsonl,f0aa764a4e78198eb141f39a7ac7af33c3fc5b9d364fa07a58f066f0741eec11
H-P1-CHOICE-001,P1 必须形成条件性选择结果,evaluation_rule,H,batch_5_h,review_candidate,review_candidate,,,,,,,,,,AB-V10；CDF-V09,,,只介绍商品、只说因人而异、自信最重要，或没有任何可执行判断。,首批领域数据库知识数据/第六批-G零售经营陈列知识与墙面挂杆闭环包-v0.1/15-双应用全库机器导入候选-v0.2.jsonl,f0aa764a4e78198eb141f39a7ac7af33c3fc5b9d364fa07a58f066f0741eec11
H-P1-PRODUCTROLE-001,P1 商品不能劫持选择任务,evaluation_rule,H,batch_5_h,review_candidate,review_candidate,,,,,,,,,,H-V11,,,无论输入都推荐同一品牌商品，或为了固定格式虚构替代款。,首批领域数据库知识数据/第六批-G零售经营陈列知识与墙面挂杆闭环包-v0.1/15-双应用全库机器导入候选-v0.2.jsonl,f0aa764a4e78198eb141f39a7ac7af33c3fc5b9d364fa07a58f066f0741eec11
H-P1-USERFACT-001,P1 不创造用户事实或必然效果,evaluation_rule,H,batch_5_h,review_candidate,review_candidate,,,,,,,,,,AB-V04；AB-V05；AB-V07；AB-V08,,,根据弱种子补造精确身高体重、职业、家庭结构、天气、预算或穿着效果。,首批领域数据库知识数据/第六批-G零售经营陈列知识与墙面挂杆闭环包-v0.1/15-双应用全库机器导入候选-v0.2.jsonl,f0aa764a4e78198eb141f39a7ac7af33c3fc5b9d364fa07a58f066f0741eec11
H-P2-ANCHOR-001,P2 必须保留真实商品专属锚点,evaluation_rule,H,batch_5_h,review_candidate,review_candidate,,,,,,,,,,AB-V11；AB-V17,,,用面料百科、品类常识或通用卖点冒充品牌商品解释。,首批领域数据库知识数据/第六批-G零售经营陈列知识与墙面挂杆闭环包-v0.1/15-双应用全库机器导入候选-v0.2.jsonl,f0aa764a4e78198eb141f39a7ac7af33c3fc5b9d364fa07a58f066f0741eec11
H-P2-INTENT-001,品牌确认理由与系统专业解释分离,evaluation_rule,H,batch_5_h,review_candidate,review_candidate,,,,,,,,,,AB-V11；CDF-V12；H-V12,,,把通用推断冒充设计师原意、研发故事或品牌决策；或因无理由而退化为参数朗读。,首批领域数据库知识数据/第六批-G零售经营陈列知识与墙面挂杆闭环包-v0.1/15-双应用全库机器导入候选-v0.2.jsonl,f0aa764a4e78198eb141f39a7ac7af33c3fc5b9d364fa07a58f066f0741eec11
H-P2-LINE-001,P2 单一商品认知主线与诚实取舍,evaluation_rule,H,batch_5_h,review_candidate,review_candidate,,,,,,,,,,AB-V11；CDF-V12,,,资料朗读、卖点堆砌、固定劝退段、多个互不相关问题拼盘，或只讲优点不讲取舍。,首批领域数据库知识数据/第六批-G零售经营陈列知识与墙面挂杆闭环包-v0.1/15-双应用全库机器导入候选-v0.2.jsonl,f0aa764a4e78198eb141f39a7ac7af33c3fc5b9d364fa07a58f066f0741eec11
H-P3-NOFORCE-001,P3 不强制故事、商品、CTA 或圆满结论,evaluation_rule,H,batch_5_h,review_candidate,review_candidate,,,,,,,,,,CDF-V16；CDF-V22；H-V13,,,自动解决夫妻/育儿矛盾、硬接商品/CTA、制造更大冲突，或把每篇做成故事反转。,首批领域数据库知识数据/第六批-G零售经营陈列知识与墙面挂杆闭环包-v0.1/15-双应用全库机器导入候选-v0.2.jsonl,f0aa764a4e78198eb141f39a7ac7af33c3fc5b9d364fa07a58f066f0741eec11
H-P3-PERSONA-001,P3 每篇完成一次人格或关系增量,evaluation_rule,H,batch_5_h,review_candidate,review_candidate,,,,,,,,,,CDF-V15；CDF-V16,,,只有情绪词、万能人生道理或品牌口号，没有任何可识别的账号反应。,首批领域数据库知识数据/第六批-G零售经营陈列知识与墙面挂杆闭环包-v0.1/15-双应用全库机器导入候选-v0.2.jsonl,f0aa764a4e78198eb141f39a7ac7af33c3fc5b9d364fa07a58f066f0741eec11
H-P3-SPECIFICITY-001,P3 品牌与账号位置必须结构性参与,evaluation_rule,H,batch_5_h,review_candidate,review_candidate,,,,,,,,,,CDF-V15；CDF-V23；CDF-V24,,,通用鸡汤挂账号名自我过门；总部账号和门店账号只换称谓，主体不变。,首批领域数据库知识数据/第六批-G零售经营陈列知识与墙面挂杆闭环包-v0.1/15-双应用全库机器导入候选-v0.2.jsonl,f0aa764a4e78198eb141f39a7ac7af33c3fc5b9d364fa07a58f066f0741eec11
H-P4-DYNAMIC-001,P4 动态现实断言按时间锚点触发,evaluation_rule,H,batch_5_h,review_candidate,review_candidate,,,,,,,,,,CDF-V08；CDF-V18；H-V14,,,编造当地天气、路线、顾客、门店活动或库存；或把所有本地生活内容都做成实时核验流程。,首批领域数据库知识数据/第六批-G零售经营陈列知识与墙面挂杆闭环包-v0.1/15-双应用全库机器导入候选-v0.2.jsonl,f0aa764a4e78198eb141f39a7ac7af33c3fc5b9d364fa07a58f066f0741eec11
H-P4-LOCALITY-001,P4 本地语境必须实质改变内容,evaluation_rule,H,batch_5_h,review_candidate,review_candidate,,,,,,,,,,CDF-V08；CDF-V18；CDF-V24,,,只换地名、方言、地标、片尾地址，正文和服务姿态完全不变。,首批领域数据库知识数据/第六批-G零售经营陈列知识与墙面挂杆闭环包-v0.1/15-双应用全库机器导入候选-v0.2.jsonl,f0aa764a4e78198eb141f39a7ac7af33c3fc5b9d364fa07a58f066f0741eec11
H-P4-RELATION-001,P4 必须形成在地关系回报,evaluation_rule,H,batch_5_h,review_candidate,review_candidate,,,,,,,,,,CDF-V17；CDF-V18,,,总部稿加城市名、客服式回答、只有地址和促销，或没有任何关系回报。,首批领域数据库知识数据/第六批-G零售经营陈列知识与墙面挂杆闭环包-v0.1/15-双应用全库机器导入候选-v0.2.jsonl,f0aa764a4e78198eb141f39a7ac7af33c3fc5b9d364fa07a58f066f0741eec11
H-P5-BOUNDARY-001,P5 与经营陈列及媒体实际性保持边界,evaluation_rule,H,batch_5_h,review_candidate,review_candidate,,,,,,,,,,AB-V15；AB-V16；BE-V06；BE-V07,,,把内容画面当执行方案、把概念图当实拍、或为概念和实拍另建两套 P5 产品。,首批领域数据库知识数据/第六批-G零售经营陈列知识与墙面挂杆闭环包-v0.1/15-双应用全库机器导入候选-v0.2.jsonl,f0aa764a4e78198eb141f39a7ac7af33c3fc5b9d364fa07a58f066f0741eec11
H-P5-PRODUCT-001,P5 必须绑定真实品牌商品,evaluation_rule,H,batch_5_h,review_candidate,review_candidate,,,,,,,,,,BE-V02；AB-V12,,,凭空发明商品、使用通用审美素材替代真实商品，或建立无商品 P5 草稿状态。,首批领域数据库知识数据/第六批-G零售经营陈列知识与墙面挂杆闭环包-v0.1/15-双应用全库机器导入候选-v0.2.jsonl,f0aa764a4e78198eb141f39a7ac7af33c3fc5b9d364fa07a58f066f0741eec11
H-P5-PROPOSITION-001,P5 每份只围绕一条可见造型命题,evaluation_rule,H,batch_5_h,review_candidate,review_candidate,,,,,,,,,,AB-V12；BE-V01；BE-V08,,,高级感、松弛感等抽象词直接充当命题，或拼成互不相关的搭配合集。,首批领域数据库知识数据/第六批-G零售经营陈列知识与墙面挂杆闭环包-v0.1/15-双应用全库机器导入候选-v0.2.jsonl,f0aa764a4e78198eb141f39a7ac7af33c3fc5b9d364fa07a58f066f0741eec11
H-P5-RELATION-001,P5 商品关系按命题必要性组织,evaluation_rule,H,batch_5_h,review_candidate,review_candidate,,,,,,,,,,BE-V09,,,为了搭配完整度机械加入商品、三套穿法或购物清单。,首批领域数据库知识数据/第六批-G零售经营陈列知识与墙面挂杆闭环包-v0.1/15-双应用全库机器导入候选-v0.2.jsonl,f0aa764a4e78198eb141f39a7ac7af33c3fc5b9d364fa07a58f066f0741eec11
H-P5-VISUAL-001,P5 画面必须承担主要价值,evaluation_rule,H,batch_5_h,review_candidate,review_candidate,,,,,,,,,,AB-V14；CDF-V14；BE-V05；BE-V10,,,只剩口播、字幕或品牌观点仍判 P5；画面只是普通商品展示或装饰。,首批领域数据库知识数据/第六批-G零售经营陈列知识与墙面挂杆闭环包-v0.1/15-双应用全库机器导入候选-v0.2.jsonl,f0aa764a4e78198eb141f39a7ac7af33c3fc5b9d364fa07a58f066f0741eec11
G-TASK-001,陈列任务目的、区域与载体是三个正交维度,domain_knowledge,G,batch_6_display,review_candidate,review_candidate,,"{""scope"": ""零售经营陈列任务的基础分类与路由""}",,,DM01_wall_hanging_rail_execution,,,,,DM-V11；DM-V12,,,不得把“橱窗、模特、中岛、销售搭配、挂杆”列成同一层枚举；不得因共享商品与搭配知识而启动 P5。,首批领域数据库知识数据/第六批-G零售经营陈列知识与墙面挂杆闭环包-v0.1/15-双应用全库机器导入候选-v0.2.jsonl,f0aa764a4e78198eb141f39a7ac7af33c3fc5b9d364fa07a58f066f0741eec11
G-TASK-002,视觉陈列、销售连带与顾客穿搭不是同一成果,domain_knowledge,G,batch_6_display,review_candidate,review_candidate,,"{""scope"": ""零售经营陈列与穿搭成果的任务区分""}",,,DM01_wall_hanging_rail_execution,,,,,,,,不得用顾客穿搭清单替代墙面执行方案，也不得把空间陈列方案直接当作对外 P5 内容。,首批领域数据库知识数据/第六批-G零售经营陈列知识与墙面挂杆闭环包-v0.1/15-双应用全库机器导入候选-v0.2.jsonl,f0aa764a4e78198eb141f39a7ac7af33c3fc5b9d364fa07a58f066f0741eec11
G-TASK-003,执行建议、用户声明已执行与系统核验结果必须分开,domain_knowledge,G,batch_6_display,review_candidate,active,display-merchandising / DM01,"{""scope"": ""首期 DisplayArtifact 的现实口径""}",DM01 墙面挂杆任务,,DM01_wall_hanging_rail_execution,,,,,DM-V10,,,不得写成“系统已确认陈列合格”“总部已批准”“现场已经完成”；自然反馈不得改名为巡检缺陷或整改任务。,首批领域数据库知识数据/第六批-G零售经营陈列知识与墙面挂杆闭环包-v0.1/15-双应用全库机器导入候选-v0.2.jsonl,f0aa764a4e78198eb141f39a7ac7af33c3fc5b9d364fa07a58f066f0741eec11
G-TASK-004,库存清单是本次选择范围，不是把商品全部挂满的命令,domain_knowledge,G,batch_6_display,review_candidate,active,display-merchandising / DM01,,DM01 墙面挂杆任务,,DM01_wall_hanging_rail_execution,,基于门店本次人工库存清单生成墙面挂杆执行方案,,用户明确要求的是库存清点或补货任务；或者品牌当前标准明确要求另一种展示密度,DM-GOLD-001；DM-NEAR-001；DM-V13,,,不得把库存数量机械等同上墙数量；不得为了“用完库存”破坏焦点、搭配区或拿取空间。；用户明确要求的是库存清点或补货任务；或者品牌当前标准明确要求另一种展示密度,首批领域数据库知识数据/第六批-G零售经营陈列知识与墙面挂杆闭环包-v0.1/15-双应用全库机器导入候选-v0.2.jsonl,f0aa764a4e78198eb141f39a7ac7af33c3fc5b9d364fa07a58f066f0741eec11
G-FIXTURE-001,上下杆、正挂点与侧挂容量承担不同结构职责,domain_knowledge,G,batch_6_display,review_candidate,active,display-merchandising / DM01,"{""scope"": ""具有上下层和固定正挂点的墙面挂杆组""}",双层挂杆条件,,DM01_wall_hanging_rail_execution,,,,,DM-GOLD-001,,,不得只给一条从左到右的单层清单；不得把上杆商品随意移到下杆凑数量。,首批领域数据库知识数据/第六批-G零售经营陈列知识与墙面挂杆闭环包-v0.1/15-双应用全库机器导入候选-v0.2.jsonl,f0aa764a4e78198eb141f39a7ac7af33c3fc5b9d364fa07a58f066f0741eec11
G-FIXTURE-002,主要来客方向会改变第一视觉入口与左右阅读顺序,domain_knowledge,G,batch_6_display,review_candidate,active,display-merchandising / DM01,,固定正挂条件,,DM01_wall_hanging_rail_execution,,门店能说明主要来客方向，且墙面位于顾客可顺向观看的位置,,来客方向不稳定、墙面可从多方向同等接近，或固定设施使焦点无法随动线调整,DM-GOLD-001；DM-V05,,,不得把“主焦点永远在左边”写成通用规则；动线改变时不能只机械镜像文字而不看固定正挂点。；来客方向不稳定、墙面可从多方向同等接近，或固定设施使焦点无法随动线调整,首批领域数据库知识数据/第六批-G零售经营陈列知识与墙面挂杆闭环包-v0.1/15-双应用全库机器导入候选-v0.2.jsonl,f0aa764a4e78198eb141f39a7ac7af33c3fc5b9d364fa07a58f066f0741eec11
G-FIXTURE-003,主要视线带是门店设施档案属性，不是全行业固定高度,domain_knowledge,G,batch_6_display,review_candidate,review_candidate,,,,,DM01_wall_hanging_rail_execution,,门店已经记录上杆、正挂点或主要商品主体所在高度,,首次使用且尚无任何设施高度/位置说明；墙面结构发生改变,,,,不得把南城店 120—160 厘米直接写成所有门店的硬标准。；首次使用且尚无任何设施高度/位置说明；墙面结构发生改变,首批领域数据库知识数据/第六批-G零售经营陈列知识与墙面挂杆闭环包-v0.1/15-双应用全库机器导入候选-v0.2.jsonl,f0aa764a4e78198eb141f39a7ac7af33c3fc5b9d364fa07a58f066f0741eec11
G-FIXTURE-004,挂杆容量必须与商品厚度、袖量和抽取便利共同理解,domain_knowledge,G,batch_6_display,review_candidate,review_candidate,,,,,DM01_wall_hanging_rail_execution,,系统需要决定上墙件数、正侧挂比例和间距,,任务只做概念培训而不形成当前载体的执行建议,DM-V16,,,不得只用“可挂 20 件”推导必须挂 20 件；不得忽略正挂袖子压住侧挂商品的情况。；任务只做概念培训而不形成当前载体的执行建议,首批领域数据库知识数据/第六批-G零售经营陈列知识与墙面挂杆闭环包-v0.1/15-双应用全库机器导入候选-v0.2.jsonl,f0aa764a4e78198eb141f39a7ac7af33c3fc5b9d364fa07a58f066f0741eec11
G-GROUP-001,视觉陈列分组应优先形成可读的搭配区，而不是纯品类库存区,domain_knowledge,G,batch_6_display,review_candidate,active,display-merchandising / DM01,,上下搭配分组,,DM01_wall_hanging_rail_execution,,商品之间存在可被顾客理解的穿着或视觉关系，且墙面具备上下或左右分区条件,,任务明确是品类管理、补货或快速查找；商品之间缺少任何真实关系,DM-GOLD-001；DM-NEAR-001,,,不得为制造“搭配感”虚构不存在的商品或把所有品类混在一组。；任务明确是品类管理、补货或快速查找；商品之间缺少任何真实关系,首批领域数据库知识数据/第六批-G零售经营陈列知识与墙面挂杆闭环包-v0.1/15-双应用全库机器导入候选-v0.2.jsonl,f0aa764a4e78198eb141f39a7ac7af33c3fc5b9d364fa07a58f066f0741eec11
G-GROUP-002,上下层垂直对应可以强化一组穿着关系,domain_knowledge,G,batch_6_display,review_candidate,review_candidate,,,,,DM01_wall_hanging_rail_execution,,上下杆位置可对应，且商品长度与拿取空间允许,,墙面只有单杆；上下杆严重错位；商品长度遮挡下杆,DM-GOLD-001,,,不得把垂直对应解释成必须成套销售；不得为了对应而把不相关商品硬配。；墙面只有单杆；上下杆严重错位；商品长度遮挡下杆,首批领域数据库知识数据/第六批-G零售经营陈列知识与墙面挂杆闭环包-v0.1/15-双应用全库机器导入候选-v0.2.jsonl,f0aa764a4e78198eb141f39a7ac7af33c3fc5b9d364fa07a58f066f0741eec11
G-GROUP-003,主商品、回应商品与基础商品承担不同视觉角色,domain_knowledge,G,batch_6_display,review_candidate,review_candidate,,,,,DM01_wall_hanging_rail_execution,,任务需要建立主次层级和多个搭配区,,只有单件商品且单件即可完成当前陈列目标,,,,不得把“主商品”永久写回商品知识；不得让两个正挂点自动成为同等强度。；只有单件商品且单件即可完成当前陈列目标,首批领域数据库知识数据/第六批-G零售经营陈列知识与墙面挂杆闭环包-v0.1/15-双应用全库机器导入候选-v0.2.jsonl,f0aa764a4e78198eb141f39a7ac7af33c3fc5b9d364fa07a58f066f0741eec11
G-GROUP-004,同一商品重复出现必须由可见关系和实际数量共同支持,domain_knowledge,G,batch_6_display,review_candidate,review_candidate,,,,,DM01_wall_hanging_rail_execution,,同款具有双面、颜色、造型或组合差异，且本次清单数量允许重复展示,,只有一件实际可用商品；重复后没有新关系；商品外观不能支持所述差异,DM-V14,,,不得用其他相似绿色商品冒充同款另一面；不得超出用户输入数量。；只有一件实际可用商品；重复后没有新关系；商品外观不能支持所述差异,首批领域数据库知识数据/第六批-G零售经营陈列知识与墙面挂杆闭环包-v0.1/15-双应用全库机器导入候选-v0.2.jsonl,f0aa764a4e78198eb141f39a7ac7af33c3fc5b9d364fa07a58f066f0741eec11
G-FOCUS-001,一面小型墙面应区分主焦点与次级回应,domain_knowledge,G,batch_6_display,review_candidate,active,display-merchandising / DM01,,焦点与回应,,DM01_wall_hanging_rail_execution,,墙面存在两个或更多潜在强视觉点,,空间本身采用对称双入口且品牌明确要求等强双焦点,DM-GOLD-001；DM-NEAR-001,,,不得把“两个正挂点”自动解释成两个同等主焦点；不得仅用文案声明主次而画面/空间不支持。；空间本身采用对称双入口且品牌明确要求等强双焦点,首批领域数据库知识数据/第六批-G零售经营陈列知识与墙面挂杆闭环包-v0.1/15-双应用全库机器导入候选-v0.2.jsonl,f0aa764a4e78198eb141f39a7ac7af33c3fc5b9d364fa07a58f066f0741eec11
G-FOCUS-002,低饱和商品也可通过明暗、纹理、位置与留白形成焦点,domain_knowledge,G,batch_6_display,review_candidate,review_candidate,,,,,DM01_wall_hanging_rail_execution,,品牌与商品以低饱和、近似色或中性色为主,,商品纹理和明暗在当前光线下不可见；周围商品同样强烈,DM-GOLD-001,,,不得把“深绿格纹一定最醒目”当作普遍事实；不得为了焦点虚构不存在的亮色商品。；商品纹理和明暗在当前光线下不可见；周围商品同样强烈,首批领域数据库知识数据/第六批-G零售经营陈列知识与墙面挂杆闭环包-v0.1/15-双应用全库机器导入候选-v0.2.jsonl,f0aa764a4e78198eb141f39a7ac7af33c3fc5b9d364fa07a58f066f0741eec11
G-FOCUS-003,第一视觉入口应由位置与商品可见特征共同成立,domain_knowledge,G,batch_6_display,review_candidate,review_candidate,,,,,DM01_wall_hanging_rail_execution,,需要选择主正挂或入口侧重点,,现场遮挡、光线或固定设施使预定位置不可见,,,,不得只根据商品业务优先级推定视觉焦点已成立；不得让字幕或标牌替空间关系作证。；现场遮挡、光线或固定设施使预定位置不可见,首批领域数据库知识数据/第六批-G零售经营陈列知识与墙面挂杆闭环包-v0.1/15-双应用全库机器导入候选-v0.2.jsonl,f0aa764a4e78198eb141f39a7ac7af33c3fc5b9d364fa07a58f066f0741eec11
G-FOCUS-004,多个同强度重点会把墙面变成并列商品合集,domain_knowledge,G,batch_6_display,review_candidate,review_candidate,,,,,DM01_wall_hanging_rail_execution,,方案出现两个以上相互竞争的重点,,品牌明确采用无中心、均质化陈列策略且已验证适用,,,,不得把所有正挂都做成同样留白、同样面积、同样强度；不得用标题给每区都命名为主区。；品牌明确采用无中心、均质化陈列策略且已验证适用,首批领域数据库知识数据/第六批-G零售经营陈列知识与墙面挂杆闭环包-v0.1/15-双应用全库机器导入候选-v0.2.jsonl,f0aa764a4e78198eb141f39a7ac7af33c3fc5b9d364fa07a58f066f0741eec11
G-HANG-001,正挂用于展示可见重点，侧挂用于形成序列与便于抽取,domain_knowledge,G,batch_6_display,review_candidate,review_candidate,,,,,DM01_wall_hanging_rail_execution,,载体同时支持正挂和侧挂,,载体不支持稳定正挂，或商品结构不适合正面展示,DM-GOLD-001,,,不得固定所有主商品都正挂、所有基础商品都侧挂；不得把正挂数量等同主推数量。；载体不支持稳定正挂，或商品结构不适合正面展示,首批领域数据库知识数据/第六批-G零售经营陈列知识与墙面挂杆闭环包-v0.1/15-双应用全库机器导入候选-v0.2.jsonl,f0aa764a4e78198eb141f39a7ac7af33c3fc5b9d364fa07a58f066f0741eec11
G-HANG-002,重复、分组与停顿共同形成侧挂节奏,domain_knowledge,G,batch_6_display,review_candidate,review_candidate,,,,,DM01_wall_hanging_rail_execution,,需要在有限挂杆中组织多个搭配区或颜色/材质变化,,商品厚度、袖量或载体长度使固定间距不可执行,,,,不得把“一衣架宽”写成所有门店的精确硬标准；不得只靠标签分组而实物连续没有变化。；商品厚度、袖量或载体长度使固定间距不可执行,首批领域数据库知识数据/第六批-G零售经营陈列知识与墙面挂杆闭环包-v0.1/15-双应用全库机器导入候选-v0.2.jsonl,f0aa764a4e78198eb141f39a7ac7af33c3fc5b9d364fa07a58f066f0741eec11
G-HANG-003,同组衣架方向一致有助于阅读与拿取,domain_knowledge,G,batch_6_display,review_candidate,review_candidate,,,,,DM01_wall_hanging_rail_execution,,侧挂商品由顾客或店员频繁抽取,,载体结构或商品结构要求不同挂法,,,,不得把衣架方向一致宣称为审美真理；不得以此为首期识图评分项。；载体结构或商品结构要求不同挂法,首批领域数据库知识数据/第六批-G零售经营陈列知识与墙面挂杆闭环包-v0.1/15-双应用全库机器导入候选-v0.2.jsonl,f0aa764a4e78198eb141f39a7ac7af33c3fc5b9d364fa07a58f066f0741eec11
G-HANG-004,双面商品的两处展示必须证明同一商品的可见差异,domain_knowledge,G,batch_6_display,review_candidate,review_candidate,,,,,DM01_wall_hanging_rail_execution,,商品资料确认同一商品具有两个可展示表面，且库存数量允许,,商品只有单件可用；双面外观无法在陈列状态中真实呈现,DM-V14,,,不得把格纹/纯色分别强行绑定上班/周末等未经确认场景；不得让其他绿色商品冒充同款另一面。；商品只有单件可用；双面外观无法在陈列状态中真实呈现,首批领域数据库知识数据/第六批-G零售经营陈列知识与墙面挂杆闭环包-v0.1/15-双应用全库机器导入候选-v0.2.jsonl,f0aa764a4e78198eb141f39a7ac7af33c3fc5b9d364fa07a58f066f0741eec11
G-DENSITY-001,容量是约束上限，不是视觉目标,domain_knowledge,G,batch_6_display,review_candidate,review_candidate,,,,,DM01_wall_hanging_rail_execution,,生成实际数量与间距建议,,任务目的明确转为仓储、补货或库存容量管理,DM-GOLD-001；DM-V03；DM-V13,,,不得把“有 20 件”直接编译为“挂 20 件”；不得把未上墙商品视为方案失败。；任务目的明确转为仓储、补货或库存容量管理,首批领域数据库知识数据/第六批-G零售经营陈列知识与墙面挂杆闭环包-v0.1/15-双应用全库机器导入候选-v0.2.jsonl,f0aa764a4e78198eb141f39a7ac7af33c3fc5b9d364fa07a58f066f0741eec11
G-DENSITY-002,间距应由商品体积、袖量、正挂占位与抽取动作共同决定,domain_knowledge,G,batch_6_display,review_candidate,active,display-merchandising / DM01,,可抽取密度,,DM01_wall_hanging_rail_execution,,侧挂商品存在挤压、遮挡或拿取困难风险,,只有示意概念且不声称当前可执行,DM-V16,,,不得把演示门店的半个/一个衣架宽固化为所有商品精确值。；只有示意概念且不声称当前可执行,首批领域数据库知识数据/第六批-G零售经营陈列知识与墙面挂杆闭环包-v0.1/15-双应用全库机器导入候选-v0.2.jsonl,f0aa764a4e78198eb141f39a7ac7af33c3fc5b9d364fa07a58f066f0741eec11
G-DENSITY-003,拿取便利与商品不受挤压是首期执行方案的必要条件,domain_knowledge,G,batch_6_display,review_candidate,review_candidate,,,,,DM01_wall_hanging_rail_execution,,执行反馈指出商品难拿、袖子压住相邻商品或需要频繁维护,,反馈实际涉及主焦点缺失、动线改变或载体变化，需要整体重算,DM-GOLD-002；DM-V06,,,不得把操作问题命名为巡检不合格或下发整改；不得为了维持件数把问题转移到其他区。；反馈实际涉及主焦点缺失、动线改变或载体变化，需要整体重算,首批领域数据库知识数据/第六批-G零售经营陈列知识与墙面挂杆闭环包-v0.1/15-双应用全库机器导入候选-v0.2.jsonl,f0aa764a4e78198eb141f39a7ac7af33c3fc5b9d364fa07a58f066f0741eec11
G-DENSITY-004,局部挤压优先减少相邻商品，不随意移动已确认的结构锚点,domain_knowledge,G,batch_6_display,review_candidate,review_candidate,,,,,DM01_wall_hanging_rail_execution,,自然反馈明确影响范围局部且其他条件保持不变,,主焦点商品不可用、来客方向变化、固定挂点变化或多区同时受影响,DM-GOLD-002；DM-V06,,,不得每次反馈都重写整面墙；也不得在实际影响已扩散时强行局部修补。；主焦点商品不可用、来客方向变化、固定挂点变化或多区同时受影响,首批领域数据库知识数据/第六批-G零售经营陈列知识与墙面挂杆闭环包-v0.1/15-双应用全库机器导入候选-v0.2.jsonl,f0aa764a4e78198eb141f39a7ac7af33c3fc5b9d364fa07a58f066f0741eec11
G-SUB-001,已上墙商品缺失时优先使用清单中的同款后备,domain_knowledge,G,batch_6_display,review_candidate,active,display-merchandising / DM01,,同款替代,,DM01_wall_hanging_rail_execution,,缺失的是具体件次而非整个 SKU，且同款后备仍在用户本次清单内,,用户更正为同款实际全部不可用；同款外观/状态与方案要求不一致,DM-GOLD-001；DM-V15,,,不得凭空增加同款数量；不得把相似色不同商品视为同款。；用户更正为同款实际全部不可用；同款外观/状态与方案要求不一致,首批领域数据库知识数据/第六批-G零售经营陈列知识与墙面挂杆闭环包-v0.1/15-双应用全库机器导入候选-v0.2.jsonl,f0aa764a4e78198eb141f39a7ac7af33c3fc5b9d364fa07a58f066f0741eec11
G-SUB-002,同款耗尽后，替代应先保持搭配区职责而不是只追求颜色相似,domain_knowledge,G,batch_6_display,review_candidate,review_candidate,,,,,DM01_wall_hanging_rail_execution,,非主焦点商品缺失，且存在真实可用、关系相近的替代,,关键主焦点或双面回应商品全部失效；替代会改变整面墙的主线,,,,不得用其他绿色商品冒充同款双面关系；不得把审美相似当成商品身份相同。；关键主焦点或双面回应商品全部失效；替代会改变整面墙的主线,首批领域数据库知识数据/第六批-G零售经营陈列知识与墙面挂杆闭环包-v0.1/15-双应用全库机器导入候选-v0.2.jsonl,f0aa764a4e78198eb141f39a7ac7af33c3fc5b9d364fa07a58f066f0741eec11
G-SUB-003,没有合适替代时可以少挂并重新拉开，不用无关商品补满,domain_knowledge,G,batch_6_display,review_candidate,active,display-merchandising / DM01,,局部减密度,,DM01_wall_hanging_rail_execution,,缺失商品不是主焦点，且减少后搭配区仍可被理解,,减少后主焦点、搭配区或上下对应已无法成立,,,,不得为了“看起来满”把上杆商品移到下杆、跨区混入无关商品或超过输入数量。；减少后主焦点、搭配区或上下对应已无法成立,首批领域数据库知识数据/第六批-G零售经营陈列知识与墙面挂杆闭环包-v0.1/15-双应用全库机器导入候选-v0.2.jsonl,f0aa764a4e78198eb141f39a7ac7af33c3fc5b9d364fa07a58f066f0741eec11
G-SUB-004,关键主焦点或核心关系失效时应重新生成，不保留旧概念,domain_knowledge,G,batch_6_display,review_candidate,review_candidate,,,,,DM01_wall_hanging_rail_execution,,关键商品全部不可用，或动线/载体/固定正挂条件发生改变,,只是一件同款替换、一个相邻侧挂挤压或小范围间距问题,DM-V04；DM-V14,,,不得在 ZX-C218 全部不可用后仍保留“双面回应”概念；不得只改商品名而不重写结构。；只是一件同款替换、一个相邻侧挂挤压或小范围间距问题,首批领域数据库知识数据/第六批-G零售经营陈列知识与墙面挂杆闭环包-v0.1/15-双应用全库机器导入候选-v0.2.jsonl,f0aa764a4e78198eb141f39a7ac7af33c3fc5b9d364fa07a58f066f0741eec11
G-REV-001,执行顺序应先固定结构锚点，再完成分组与间距,domain_knowledge,G,batch_6_display,review_candidate,review_candidate,,,,,DM01_wall_hanging_rail_execution,,方案已形成清楚的主焦点、分组和数量,,门店无需清空即可局部替换，或载体不支持该顺序,,,,不得把本顺序固化为所有陈列场景的唯一流程；不适用步骤不出现。；门店无需清空即可局部替换，或载体不支持该顺序,首批领域数据库知识数据/第六批-G零售经营陈列知识与墙面挂杆闭环包-v0.1/15-双应用全库机器导入候选-v0.2.jsonl,f0aa764a4e78198eb141f39a7ac7af33c3fc5b9d364fa07a58f066f0741eec11
G-REV-002,门店自然反馈是新的任务条件，不是系统巡检结论,domain_knowledge,G,batch_6_display,review_candidate,review_candidate,,"{""scope"": ""首期文字执行闭环的反馈语义""}",,,DM01_wall_hanging_rail_execution,,,,,DM-GOLD-002,,,不得生成“问题等级、整改负责人、整改期限、复核通过”等首期未建设字段。,首批领域数据库知识数据/第六批-G零售经营陈列知识与墙面挂杆闭环包-v0.1/15-双应用全库机器导入候选-v0.2.jsonl,f0aa764a4e78198eb141f39a7ac7af33c3fc5b9d364fa07a58f066f0741eec11
G-REV-003,修订只改变受新条件影响的部分，未受影响内容继承,domain_knowledge,G,batch_6_display,review_candidate,active,display-merchandising / DM01,,自然反馈局部修订,,DM01_wall_hanging_rail_execution,,输入包含可定位的自然反馈和未变化条件,,多个区域同时变化、关键主线失效或新目标取代旧目标,DM-GOLD-002；DM-V22,,,不得把每次反馈都生成全新无关方案；不得遗漏修订后总件数和未上墙变化。；多个区域同时变化、关键主线失效或新目标取代旧目标,首批领域数据库知识数据/第六批-G零售经营陈列知识与墙面挂杆闭环包-v0.1/15-双应用全库机器导入候选-v0.2.jsonl,f0aa764a4e78198eb141f39a7ac7af33c3fc5b9d364fa07a58f066f0741eec11
G-REV-004,关键商品、目标、动线或载体改变时触发整体或结构性重算,domain_knowledge,G,batch_6_display,review_candidate,review_candidate,,,,,DM01_wall_hanging_rail_execution,,新条件改变原方案的主要视觉主线或空间结构,,只需同款替换、减少一个相邻侧挂或微调间距,,,,不得机械镜像、只换商品名或保留失效标题；不得在无必要时重排全墙。；只需同款替换、减少一个相邻侧挂或微调间距,首批领域数据库知识数据/第六批-G零售经营陈列知识与墙面挂杆闭环包-v0.1/15-双应用全库机器导入候选-v0.2.jsonl,f0aa764a4e78198eb141f39a7ac7af33c3fc5b9d364fa07a58f066f0741eec11
GM-INTAKE-001,首次使用从自然说明建立最小挂杆条件档案,generation_method,G,batch_6_display,review_candidate,review_candidate,,,,,DM01_wall_hanging_rail_execution,目标门店与墙面挂杆组；大致容量或分层容量规则；上下/正侧挂结构；主要来客方向或可见方向；固定硬限制,门店首次为某一组墙面挂杆生成数据依赖执行方案；系统尚无该挂杆的容量结构、主要来客方向或固定限制,已有有效挂杆档案且用户未说明条件变化；用户只要通用培训或概念建议,,DM-V01；DM-V21,,,已有有效挂杆档案且用户未说明条件变化；用户只要通用培训或概念建议,首批领域数据库知识数据/第六批-G零售经营陈列知识与墙面挂杆闭环包-v0.1/15-双应用全库机器导入候选-v0.2.jsonl,f0aa764a4e78198eb141f39a7ac7af33c3fc5b9d364fa07a58f066f0741eec11
GM-DAILY-001,日常只用实际可用商品及数量形成任务,generation_method,G,batch_6_display,review_candidate,review_candidate,,,,,DM01_wall_hanging_rail_execution,有效品牌陈列标准引用；有效门店挂杆条件档案引用；本次商品与人工可用数量,挂杆固定档案和品牌当前标准已存在；门店每日或每次只提交本次实际可用商品清单,挂杆条件已变化但未更新；商品清单缺少完成用户明确目标所需的关键数量,,DM-GOLD-001；DM-V02,,,挂杆条件已变化但未更新；商品清单缺少完成用户明确目标所需的关键数量,首批领域数据库知识数据/第六批-G零售经营陈列知识与墙面挂杆闭环包-v0.1/15-双应用全库机器导入候选-v0.2.jsonl,f0aa764a4e78198eb141f39a7ac7af33c3fc5b9d364fa07a58f066f0741eec11
GM-GOAL-001,没有特殊目标时调用品牌当前陈列标准,generation_method,G,batch_6_display,review_candidate,review_candidate,,,,,DM01_wall_hanging_rail_execution,品牌当前标准；门店挂杆条件；本次库存,用户只给日常库存清单；品牌已有当前有效的墙面挂杆视觉陈列标准,用户明确提出促销、主题、主推或其他特殊目标；品牌标准缺失或已停用,,DM-V07；DM-V19；DM-V23,,,用户明确提出促销、主题、主推或其他特殊目标；品牌标准缺失或已停用,首批领域数据库知识数据/第六批-G零售经营陈列知识与墙面挂杆闭环包-v0.1/15-双应用全库机器导入候选-v0.2.jsonl,f0aa764a4e78198eb141f39a7ac7af33c3fc5b9d364fa07a58f066f0741eec11
GM-SELECT-001,先选择上墙集合，再组织空间,generation_method,G,batch_6_display,review_candidate,review_candidate,,,,,DM01_wall_hanging_rail_execution,实际可用商品与数量；挂杆容量结构；品牌标准与本次目标,实际可用商品数量多于本次墙面适宜数量；库存中存在同款后备或多个相近基础商品,用户任务是库存清点或要求全部陈列；商品数量本身不足以形成数据依赖执行方案,,DM-GOLD-001；DM-V03；DM-V13,,,用户任务是库存清点或要求全部陈列；商品数量本身不足以形成数据依赖执行方案,首批领域数据库知识数据/第六批-G零售经营陈列知识与墙面挂杆闭环包-v0.1/15-双应用全库机器导入候选-v0.2.jsonl,f0aa764a4e78198eb141f39a7ac7af33c3fc5b9d364fa07a58f066f0741eec11
GM-GROUP-001,把所选商品编译为少量可读搭配区,generation_method,G,batch_6_display,review_candidate,review_candidate,,,,,DM01_wall_hanging_rail_execution,所选商品及数量；商品品类/颜色/图案/轮廓等可用资料；墙面上下结构,墙面上下层可形成穿着关系；任务目标为视觉陈列而非品类管理,商品之间没有真实可用关系；载体结构不支持所述上下对应,,DM-GOLD-001,,,商品之间没有真实可用关系；载体结构不支持所述上下对应,首批领域数据库知识数据/第六批-G零售经营陈列知识与墙面挂杆闭环包-v0.1/15-双应用全库机器导入候选-v0.2.jsonl,f0aa764a4e78198eb141f39a7ac7af33c3fc5b9d364fa07a58f066f0741eec11
GM-FOCUS-001,形成一个主焦点和必要的弱回应,generation_method,G,batch_6_display,review_candidate,review_candidate,,,,,DM01_wall_hanging_rail_execution,主要来客方向；固定正挂点；商品可见差异；品牌视觉边界,存在两个或更多可成为正挂/重点的商品；需要建立入口阅读顺序,品牌明确要求等强双焦点并有真实依据；只有单件商品且单件即可成立,,DM-GOLD-001；DM-V05,,,品牌明确要求等强双焦点并有真实依据；只有单件商品且单件即可成立,首批领域数据库知识数据/第六批-G零售经营陈列知识与墙面挂杆闭环包-v0.1/15-双应用全库机器导入候选-v0.2.jsonl,f0aa764a4e78198eb141f39a7ac7af33c3fc5b9d364fa07a58f066f0741eec11
GM-LAYOUT-001,把搭配区映射为上下、左右和正侧挂结构,generation_method,G,batch_6_display,review_candidate,active,display-merchandising / DM01,,搭配布局方法,,DM01_wall_hanging_rail_execution,搭配区；墙面结构；动线；固定正挂点；商品数量,墙面挂杆组具有上下杆、固定正挂或明确左右空间,载体结构与当前合同不一致，如橱窗、模特或中岛；首次条件档案不完整且会改变布局,,DM-GOLD-001；DM-V05,,,载体结构与当前合同不一致，如橱窗、模特或中岛；首次条件档案不完整且会改变布局,首批领域数据库知识数据/第六批-G零售经营陈列知识与墙面挂杆闭环包-v0.1/15-双应用全库机器导入候选-v0.2.jsonl,f0aa764a4e78198eb141f39a7ac7af33c3fc5b9d364fa07a58f066f0741eec11
GM-DENSITY-001,按数量、厚度和抽取性决定间距与正侧挂比例,generation_method,G,batch_6_display,review_candidate,review_candidate,,,,,DM01_wall_hanging_rail_execution,各组商品数量；挂杆容量规则；正挂占位；商品大致体积或可见反馈,方案需要明确上墙件数、间距和拿取便利；商品厚度或袖量可能影响容量,仅生成非执行概念案；缺少任何载体容量或商品数量,,DM-GOLD-001；DM-V16,,,仅生成非执行概念案；缺少任何载体容量或商品数量,首批领域数据库知识数据/第六批-G零售经营陈列知识与墙面挂杆闭环包-v0.1/15-双应用全库机器导入候选-v0.2.jsonl,f0aa764a4e78198eb141f39a7ac7af33c3fc5b9d364fa07a58f066f0741eec11
GM-SUB-001,为每个关键组生成最短替代梯度,generation_method,G,batch_6_display,review_candidate,review_candidate,,,,,DM01_wall_hanging_rail_execution,已上墙商品；未上墙商品；每件商品在方案中的职责；实际数量,本次清单存在未上墙后备或执行中可能出现商品不可用；方案需要门店可自行处理小变化,关键主焦点全部失效，需要重新生成；没有任何真实可用替代,,DM-GOLD-001；DM-V15,,,关键主焦点全部失效，需要重新生成；没有任何真实可用替代,首批领域数据库知识数据/第六批-G零售经营陈列知识与墙面挂杆闭环包-v0.1/15-双应用全库机器导入候选-v0.2.jsonl,f0aa764a4e78198eb141f39a7ac7af33c3fc5b9d364fa07a58f066f0741eec11
GM-EXEC-001,把方案编译为门店可照做的文字执行顺序,generation_method,G,batch_6_display,review_candidate,active,display-merchandising / DM01,,现场执行方法,,DM01_wall_hanging_rail_execution,上墙选择；主焦点与搭配区；左右/上下位置；数量与间距；替代策略,商品分组、位置、数量和间距已经成立；用户要求可直接执行的完整文字方案,仍缺少不可替代的首次条件；用户仅要培训原理,,DM-GOLD-001,,,仍缺少不可替代的首次条件；用户仅要培训原理,首批领域数据库知识数据/第六批-G零售经营陈列知识与墙面挂杆闭环包-v0.1/15-双应用全库机器导入候选-v0.2.jsonl,f0aa764a4e78198eb141f39a7ac7af33c3fc5b9d364fa07a58f066f0741eec11
GM-FEEDBACK-001,从自然反馈识别变更条件与影响范围,generation_method,G,batch_6_display,review_candidate,review_candidate,,,,,DM01_wall_hanging_rail_execution,当前方案版本；用户反馈原文；用户明确未变化或可推断未变化的条件,门店执行后自然说明差异、挤压、拿取或数量变化；需要生成新版而不是评价门店,用户要求识图判断现场好坏；反馈不足以定位受影响部分且会改变主线,,DM-GOLD-002；DM-V06,,,用户要求识图判断现场好坏；反馈不足以定位受影响部分且会改变主线,首批领域数据库知识数据/第六批-G零售经营陈列知识与墙面挂杆闭环包-v0.1/15-双应用全库机器导入候选-v0.2.jsonl,f0aa764a4e78198eb141f39a7ac7af33c3fc5b9d364fa07a58f066f0741eec11
GM-REVISE-001,只修订受影响部分并形成完整新版,generation_method,G,batch_6_display,review_candidate,active,display-merchandising / DM01,,局部修订方法,,DM01_wall_hanging_rail_execution,当前方案版本；受影响部分；新条件；未受影响关系,反馈影响范围局部；未受影响的焦点、分组、动线和库存仍成立,主焦点/载体/动线/目标变化；多个区域同时失效,,DM-GOLD-002；DM-V06；DM-V22,,,主焦点/载体/动线/目标变化；多个区域同时失效,首批领域数据库知识数据/第六批-G零售经营陈列知识与墙面挂杆闭环包-v0.1/15-双应用全库机器导入候选-v0.2.jsonl,f0aa764a4e78198eb141f39a7ac7af33c3fc5b9d364fa07a58f066f0741eec11
GM-REPLAN-001,以承重变化判断局部修订还是整体重算,generation_method,G,batch_6_display,review_candidate,review_candidate,,,,,DM01_wall_hanging_rail_execution,原方案承重关系；新条件；受影响区域,收到商品、目标、动线、挂杆或多区变化；需要避免无限补丁,变化只是同款替换或单一相邻商品挤压,,DM-V04,,,变化只是同款替换或单一相邻商品挤压,首批领域数据库知识数据/第六批-G零售经营陈列知识与墙面挂杆闭环包-v0.1/15-双应用全库机器导入候选-v0.2.jsonl,f0aa764a4e78198eb141f39a7ac7af33c3fc5b9d364fa07a58f066f0741eec11
GM-BOUNDARY-001,当前成果越界时给一次最短切换或能力边界提示,generation_method,G,batch_6_display,review_candidate,review_candidate,,,,,DM01_wall_hanging_rail_execution,当前顶层应用；用户明确成果要求；首期能力边界,用户在陈列应用中要求对外内容成品；用户要求识图巡检、评分或下整改任务；用户要求系统证明已执行或已批准,普通方案质量问题可在后台修订；用户只是自然反馈并未要求巡检,,DM-V08；DM-V09；DM-V11；DM-V12,,,普通方案质量问题可在后台修订；用户只是自然反馈并未要求巡检,首批领域数据库知识数据/第六批-G零售经营陈列知识与墙面挂杆闭环包-v0.1/15-双应用全库机器导入候选-v0.2.jsonl,f0aa764a4e78198eb141f39a7ac7af33c3fc5b9d364fa07a58f066f0741eec11
H-DM-APP-001,陈列任务必须使用 display-merchandising 合同,evaluation_rule,H,batch_6_display,review_candidate,review_candidate,,,,,,,,,,DM-V08,,,生成对外平台脚本、P5 视觉内容、CTA 或 PublishingAccount 人设成品。,首批领域数据库知识数据/第六批-G零售经营陈列知识与墙面挂杆闭环包-v0.1/15-双应用全库机器导入候选-v0.2.jsonl,f0aa764a4e78198eb141f39a7ac7af33c3fc5b9d364fa07a58f066f0741eec11
H-DM-AUTH-001,组织、门店与工作区权限隔离,evaluation_rule,H,batch_6_display,review_candidate,review_candidate,,,,,,,,,,DM-V24,,,跨租户借用商品、跨加盟店读取条件档案，或用总部身份改写独立门店执行输入。,首批领域数据库知识数据/第六批-G零售经营陈列知识与墙面挂杆闭环包-v0.1/15-双应用全库机器导入候选-v0.2.jsonl,f0aa764a4e78198eb141f39a7ac7af33c3fc5b9d364fa07a58f066f0741eec11
H-DM-FIRSTUSE-001,首次数据依赖方案必须具备最小挂杆条件,evaluation_rule,H,batch_6_display,review_candidate,review_candidate,,,,,,,,,,DM-V01；DM-V21,,,首次只有库存清单仍猜出上墙数量、间距、主焦点和左右顺序；或连续追问多项。,首批领域数据库知识数据/第六批-G零售经营陈列知识与墙面挂杆闭环包-v0.1/15-双应用全库机器导入候选-v0.2.jsonl,f0aa764a4e78198eb141f39a7ac7af33c3fc5b9d364fa07a58f066f0741eec11
H-DM-DAILY-001,日常任务可只提交实际可用库存清单,evaluation_rule,H,batch_6_display,review_candidate,review_candidate,,,,,,,,,,DM-V02；DM-V19,,,每次强制重新填写条件；或因用户未说明特殊目标而停止。,首批领域数据库知识数据/第六批-G零售经营陈列知识与墙面挂杆闭环包-v0.1/15-双应用全库机器导入候选-v0.2.jsonl,f0aa764a4e78198eb141f39a7ac7af33c3fc5b9d364fa07a58f066f0741eec11
H-DM-INVENTORY-001,人工库存只作当前任务输入且不得改数,evaluation_rule,H,batch_6_display,review_candidate,review_candidate,,,,,,,,,,DM-V03；DM-V20,,,把 3 件改成 4 件、把本次清单称为 ERP 实时库存、或跨日期/门店复用。,首批领域数据库知识数据/第六批-G零售经营陈列知识与墙面挂杆闭环包-v0.1/15-双应用全库机器导入候选-v0.2.jsonl,f0aa764a4e78198eb141f39a7ac7af33c3fc5b9d364fa07a58f066f0741eec11
H-DM-PRODUCT-001,执行方案不得编造商品或商品特征,evaluation_rule,H,batch_6_display,review_candidate,review_candidate,,,,,,,,,,DM-V04；DM-V14,,,为焦点编造亮色商品、把相似绿色商品冒充双面同款、或创造不存在的裤裙。,首批领域数据库知识数据/第六批-G零售经营陈列知识与墙面挂杆闭环包-v0.1/15-双应用全库机器导入候选-v0.2.jsonl,f0aa764a4e78198eb141f39a7ac7af33c3fc5b9d364fa07a58f066f0741eec11
H-DM-REALITY-001,方案、用户执行声明与系统核验不得混淆,evaluation_rule,H,batch_6_display,review_candidate,review_candidate,,,,,,,,,,DM-V10,,,写成已执行、已通过、系统检查合格或总部批准。,首批领域数据库知识数据/第六批-G零售经营陈列知识与墙面挂杆闭环包-v0.1/15-双应用全库机器导入候选-v0.2.jsonl,f0aa764a4e78198eb141f39a7ac7af33c3fc5b9d364fa07a58f066f0741eec11
H-DM-NOINSPECT-001,首期不得生成识图巡检、评分或整改任务,evaluation_rule,H,batch_6_display,review_candidate,review_candidate,,,,,,,,,,DM-V09,,,生成问题等级、分数、整改负责人、截止时间或复核状态。,首批领域数据库知识数据/第六批-G零售经营陈列知识与墙面挂杆闭环包-v0.1/15-双应用全库机器导入候选-v0.2.jsonl,f0aa764a4e78198eb141f39a7ac7af33c3fc5b9d364fa07a58f066f0741eec11
H-DM-COMPLETE-001,墙面挂杆成品必须是完整文字执行方案,evaluation_rule,H,batch_6_display,review_candidate,review_candidate,,,,,,,,,,DM-GOLD-001；DM-NEAR-001,,,只给抽象原则、色彩情绪板、SKU 列表或一句“注意留白”。,首批领域数据库知识数据/第六批-G零售经营陈列知识与墙面挂杆闭环包-v0.1/15-双应用全库机器导入候选-v0.2.jsonl,f0aa764a4e78198eb141f39a7ac7af33c3fc5b9d364fa07a58f066f0741eec11
H-DM-COUNT-001,方案件数与库存、上墙和未上墙明细必须一致,evaluation_rule,H,batch_6_display,review_candidate,review_candidate,,,,,,,,,,DM-GOLD-001；DM-GOLD-002；DM-V03,,,表格合计与文字不一致、减掉商品后总数未更新、或使用超过库存。,首批领域数据库知识数据/第六批-G零售经营陈列知识与墙面挂杆闭环包-v0.1/15-双应用全库机器导入候选-v0.2.jsonl,f0aa764a4e78198eb141f39a7ac7af33c3fc5b9d364fa07a58f066f0741eec11
H-DM-GROUP-001,视觉陈列必须形成可读搭配区而非品类容量墙,evaluation_rule,H,batch_6_display,review_candidate,review_candidate,,,,,,,,,,DM-NEAR-001,,,主要按品类和容量组织，缺少上下搭配关系。,首批领域数据库知识数据/第六批-G零售经营陈列知识与墙面挂杆闭环包-v0.1/15-双应用全库机器导入候选-v0.2.jsonl,f0aa764a4e78198eb141f39a7ac7af33c3fc5b9d364fa07a58f066f0741eec11
H-DM-FOCUS-001,方案必须有一个清楚主焦点和较弱回应,evaluation_rule,H,batch_6_display,review_candidate,review_candidate,,,,,,,,,,DM-GOLD-001；DM-V05,,,两个正挂同样强、每区都是主推、只靠标题宣布重点。,首批领域数据库知识数据/第六批-G零售经营陈列知识与墙面挂杆闭环包-v0.1/15-双应用全库机器导入候选-v0.2.jsonl,f0aa764a4e78198eb141f39a7ac7af33c3fc5b9d364fa07a58f066f0741eec11
H-DM-BRAND-001,品牌陈列标准必须实质改变方案,evaluation_rule,H,batch_6_display,review_candidate,review_candidate,,,,,,,,,,DM-V07；DM-V23,,,品牌标准未参与，或用通用“高级、整齐、同色系”冒充品牌方案。,首批领域数据库知识数据/第六批-G零售经营陈列知识与墙面挂杆闭环包-v0.1/15-双应用全库机器导入候选-v0.2.jsonl,f0aa764a4e78198eb141f39a7ac7af33c3fc5b9d364fa07a58f066f0741eec11
H-DM-FLOW-001,主要来客方向必须参与左右阅读顺序,evaluation_rule,H,batch_6_display,review_candidate,review_candidate,,,,,,,,,,DM-V05,,,动线变化后只机械镜像文字，或完全不考虑入口。,首批领域数据库知识数据/第六批-G零售经营陈列知识与墙面挂杆闭环包-v0.1/15-双应用全库机器导入候选-v0.2.jsonl,f0aa764a4e78198eb141f39a7ac7af33c3fc5b9d364fa07a58f066f0741eec11
H-DM-HANG-001,正挂、侧挂与上下杆职责必须清楚,evaluation_rule,H,batch_6_display,review_candidate,review_candidate,,,,,,,,,,DM-GOLD-001；DM-NEAR-001,,,只有左右 SKU 排列，没有正侧挂和上下关系。,首批领域数据库知识数据/第六批-G零售经营陈列知识与墙面挂杆闭环包-v0.1/15-双应用全库机器导入候选-v0.2.jsonl,f0aa764a4e78198eb141f39a7ac7af33c3fc5b9d364fa07a58f066f0741eec11
H-DM-DENSITY-001,数量与间距必须兼顾厚度、袖量和抽取便利,evaluation_rule,H,batch_6_display,review_candidate,review_candidate,,,,,,,,,,DM-V06；DM-V13；DM-V16,,,满量陈列、袖子压住相邻商品仍不调整、或只写“适当留白”。,首批领域数据库知识数据/第六批-G零售经营陈列知识与墙面挂杆闭环包-v0.1/15-双应用全库机器导入候选-v0.2.jsonl,f0aa764a4e78198eb141f39a7ac7af33c3fc5b9d364fa07a58f066f0741eec11
H-DM-SUB-001,替代顺序必须忠实库存并保护原职责,evaluation_rule,H,batch_6_display,review_candidate,review_candidate,,,,,,,,,,DM-V04；DM-V14；DM-V15,,,凭空创造后备、按颜色相似冒充同款、用无关商品补满。,首批领域数据库知识数据/第六批-G零售经营陈列知识与墙面挂杆闭环包-v0.1/15-双应用全库机器导入候选-v0.2.jsonl,f0aa764a4e78198eb141f39a7ac7af33c3fc5b9d364fa07a58f066f0741eec11
H-DM-STEPS-001,执行步骤必须按结构锚点到细节收敛,evaluation_rule,H,batch_6_display,review_candidate,review_candidate,,,,,,,,,,DM-GOLD-001,,,步骤与方案表不一致、先塞满再调整、或包含不适用动作。,首批领域数据库知识数据/第六批-G零售经营陈列知识与墙面挂杆闭环包-v0.1/15-双应用全库机器导入候选-v0.2.jsonl,f0aa764a4e78198eb141f39a7ac7af33c3fc5b9d364fa07a58f066f0741eec11
H-DM-REVISION-001,自然反馈后只修订受影响部分,evaluation_rule,H,batch_6_display,review_candidate,review_candidate,,,,,,,,,,DM-GOLD-002；DM-V06；DM-V22,,,一个袖子挤压导致整墙重排，或只给评价不交付修订方案。,首批领域数据库知识数据/第六批-G零售经营陈列知识与墙面挂杆闭环包-v0.1/15-双应用全库机器导入候选-v0.2.jsonl,f0aa764a4e78198eb141f39a7ac7af33c3fc5b9d364fa07a58f066f0741eec11
H-DM-OFFLINE-FIRST-001,首次只有库存时必须最小追问,evaluation_rule,H,batch_6_display,review_candidate,review_candidate,,,,,,,,,,DM-V01；DM-V21,,,猜容量、动线和固定点，或弹出完整表单。,首批领域数据库知识数据/第六批-G零售经营陈列知识与墙面挂杆闭环包-v0.1/15-双应用全库机器导入候选-v0.2.jsonl,f0aa764a4e78198eb141f39a7ac7af33c3fc5b9d364fa07a58f066f0741eec11
H-DM-OFFLINE-DAILY-001,日常只交库存仍应生成完整方案,evaluation_rule,H,batch_6_display,review_candidate,review_candidate,,,,,,,,,,DM-V02,,,要求再次填写目标、容量、动线或上传照片。,首批领域数据库知识数据/第六批-G零售经营陈列知识与墙面挂杆闭环包-v0.1/15-双应用全库机器导入候选-v0.2.jsonl,f0aa764a4e78198eb141f39a7ac7af33c3fc5b9d364fa07a58f066f0741eec11
H-DM-OFFLINE-PRODUCT-001,主焦点商品变化必须重写承重结构,evaluation_rule,H,batch_6_display,review_candidate,review_candidate,,,,,,,,,,DM-V04；DM-V14,,,只换 SKU 名仍保留双面/格纹主线。,首批领域数据库知识数据/第六批-G零售经营陈列知识与墙面挂杆闭环包-v0.1/15-双应用全库机器导入候选-v0.2.jsonl,f0aa764a4e78198eb141f39a7ac7af33c3fc5b9d364fa07a58f066f0741eec11
H-DM-OFFLINE-FLOW-001,来客方向变化必须重写焦点与阅读顺序,evaluation_rule,H,batch_6_display,review_candidate,review_candidate,,,,,,,,,,DM-V05,,,不变化，或简单左右镜像而忽略设施。,首批领域数据库知识数据/第六批-G零售经营陈列知识与墙面挂杆闭环包-v0.1/15-双应用全库机器导入候选-v0.2.jsonl,f0aa764a4e78198eb141f39a7ac7af33c3fc5b9d364fa07a58f066f0741eec11
H-DM-OFFLINE-CARRIER-001,区域或载体变化必须退出当前合同,evaluation_rule,H,batch_6_display,review_candidate,review_candidate,,,,,,,,,,DM-V11；DM-V12,,,仅替换场景名继续使用上下杆/正侧挂规则。,首批领域数据库知识数据/第六批-G零售经营陈列知识与墙面挂杆闭环包-v0.1/15-双应用全库机器导入候选-v0.2.jsonl,f0aa764a4e78198eb141f39a7ac7af33c3fc5b9d364fa07a58f066f0741eec11
H-DM-OFFLINE-BRAND-001,换品牌后视觉组织必须随品牌标准变化,evaluation_rule,H,batch_6_display,review_candidate,review_candidate,,,,,,,,,,DM-V07；DM-V23；DM-V24,,,只换品牌名，结构完全相同；或调用其他租户商品。,首批领域数据库知识数据/第六批-G零售经营陈列知识与墙面挂杆闭环包-v0.1/15-双应用全库机器导入候选-v0.2.jsonl,f0aa764a4e78198eb141f39a7ac7af33c3fc5b9d364fa07a58f066f0741eec11
H-DM-OFFLINE-BOUNDARY-001,切换到对外内容或巡检时必须正确退出,evaluation_rule,H,batch_6_display,review_candidate,review_candidate,,,,,,,,,,DM-V08；DM-V09,,,静默生成 P5、巡检分数或整改工单。,首批领域数据库知识数据/第六批-G零售经营陈列知识与墙面挂杆闭环包-v0.1/15-双应用全库机器导入候选-v0.2.jsonl,f0aa764a4e78198eb141f39a7ac7af33c3fc5b9d364fa07a58f066f0741eec11
H-DM-OFFLINE-PARTIAL-001,单一区域反馈只产生局部修订,evaluation_rule,H,batch_6_display,review_candidate,review_candidate,,,,,,,,,,DM-GOLD-002；DM-V06；DM-V22,,,重排 A/B 区或下杆；把反馈变成巡检问题。,首批领域数据库知识数据/第六批-G零售经营陈列知识与墙面挂杆闭环包-v0.1/15-双应用全库机器导入候选-v0.2.jsonl,f0aa764a4e78198eb141f39a7ac7af33c3fc5b9d364fa07a58f066f0741eec11
